-- --------------------------------------------------------
-- 호스트:                          222.234.3.50
-- 서버 버전:                        5.6.37 - MySQL Community Server (GPL)
-- 서버 OS:                        Win64
-- HeidiSQL 버전:                  9.4.0.5125
-- --------------------------------------------------------

/*!40101 SET @OLD_CHARACTER_SET_CLIENT=@@CHARACTER_SET_CLIENT */;
/*!40101 SET NAMES utf8 */;
/*!50503 SET NAMES utf8mb4 */;
/*!40014 SET @OLD_FOREIGN_KEY_CHECKS=@@FOREIGN_KEY_CHECKS, FOREIGN_KEY_CHECKS=0 */;
/*!40101 SET @OLD_SQL_MODE=@@SQL_MODE, SQL_MODE='NO_AUTO_VALUE_ON_ZERO' */;


-- ctas 데이터베이스 구조 내보내기
CREATE DATABASE IF NOT EXISTS `ctas` /*!40100 DEFAULT CHARACTER SET utf8 */;
USE `ctas`;

-- 테이블 ctas.assessment 구조 내보내기
CREATE TABLE IF NOT EXISTS `assessment` (
  `ORGNZT_ID` varchar(20) NOT NULL COMMENT '조직ID',
  `AI_CD` varchar(15) NOT NULL COMMENT '평가지표코드',
  `ASSESS_FILE_ID` char(20) NOT NULL COMMENT '지표별보고서파일ID',
  `ASSESS_USR_ID` varchar(20) DEFAULT NULL COMMENT '업로드사용자ID',
  `FRST_REGIST_PNTTM` datetime DEFAULT NULL,
  `FRST_REGISTER_ID` varchar(20) DEFAULT NULL,
  `LAST_UPDT_PNTTM` datetime DEFAULT NULL,
  `LAST_UPDUSR_ID` varchar(20) DEFAULT NULL,
  `RATING_SCORE` decimal(3,0) DEFAULT NULL COMMENT '평가점수',
  `RATING_USR_ID` varchar(20) DEFAULT NULL COMMENT '평가위원ID',
  PRIMARY KEY (`ORGNZT_ID`,`AI_CD`),
  UNIQUE KEY `ASSESSMENT_PK` (`ORGNZT_ID`,`AI_CD`)
) ENGINE=InnoDB DEFAULT CHARSET=utf8;

-- 테이블 데이터 ctas.assessment:~4 rows (대략적) 내보내기
DELETE FROM `assessment`;
/*!40000 ALTER TABLE `assessment` DISABLE KEYS */;
INSERT INTO `assessment` (`ORGNZT_ID`, `AI_CD`, `ASSESS_FILE_ID`, `ASSESS_USR_ID`, `FRST_REGIST_PNTTM`, `FRST_REGISTER_ID`, `LAST_UPDT_PNTTM`, `LAST_UPDUSR_ID`, `RATING_SCORE`, `RATING_USR_ID`) VALUES
	('ORGNZT_0000000000175', 'CAI001', 'FILE_000000000000011', '0001', '2017-09-07 20:59:33', '0001', '2017-09-07 21:00:52', 'webmaster', 100, 'webmaster'),
	('ORGNZT_0000000000175', 'CAI002', 'FILE_000000000000031', '0001', '2017-09-08 06:26:59', '0001', '2017-09-09 07:44:47', '0001', NULL, NULL),
	('ORGNZT_0000000000300', 'CAI001', 'FILE_000000000000041', '0006', '2017-09-08 14:00:28', '0005', '2017-09-10 17:16:23', '0006', NULL, NULL),
	('ORGNZT_0000000000300', 'CAI002', 'FILE_000000000000044', '0006', '2017-09-10 17:17:04', '0006', '2017-09-10 17:36:06', 'webmaster', 3, 'webmaster');
/*!40000 ALTER TABLE `assessment` ENABLE KEYS */;

-- 테이블 ctas.assess_atch_file 구조 내보내기
CREATE TABLE IF NOT EXISTS `assess_atch_file` (
  `ORGNZT_ID` varchar(20) NOT NULL,
  `AI_CD` varchar(15) NOT NULL,
  `SEQ_NO` decimal(18,0) NOT NULL COMMENT '일련번호',
  `ATCH_FILE_ID` char(20) NOT NULL COMMENT '실적증빙첨부파일ID',
  `FRST_REGIST_PNTTM` datetime DEFAULT NULL,
  `FRST_REGISTER_ID` varchar(20) DEFAULT NULL,
  PRIMARY KEY (`ORGNZT_ID`,`AI_CD`,`SEQ_NO`),
  UNIQUE KEY `ASSESS_ATCH_FILE_PK` (`ORGNZT_ID`,`AI_CD`,`SEQ_NO`)
) ENGINE=InnoDB DEFAULT CHARSET=utf8;

-- 테이블 데이터 ctas.assess_atch_file:~6 rows (대략적) 내보내기
DELETE FROM `assess_atch_file`;
/*!40000 ALTER TABLE `assess_atch_file` DISABLE KEYS */;
INSERT INTO `assess_atch_file` (`ORGNZT_ID`, `AI_CD`, `SEQ_NO`, `ATCH_FILE_ID`, `FRST_REGIST_PNTTM`, `FRST_REGISTER_ID`) VALUES
	('ORGNZT_0000000000138', 'CAI001', 1, 'FILE_000000000000024', '2017-09-08 13:36:27', '0004'),
	('ORGNZT_0000000000175', 'CAI001', 1, 'FILE_000000000000012', '2017-09-07 20:59:38', '0001'),
	('ORGNZT_0000000000175', 'CAI001', 2, 'FILE_000000000000013', '2017-09-07 20:59:40', '0001'),
	('ORGNZT_0000000000175', 'CAI002', 1, 'FILE_000000000000022', '2017-09-08 06:27:02', '0001'),
	('ORGNZT_0000000000300', 'CAI002', 1, 'FILE_000000000000042', '2017-09-10 17:16:36', '0006'),
	('ORGNZT_0000000000300', 'CAI002', 2, 'FILE_000000000000043', '2017-09-10 17:16:50', '0006');
/*!40000 ALTER TABLE `assess_atch_file` ENABLE KEYS */;

-- 테이블 ctas.comtccmmnclcode 구조 내보내기
CREATE TABLE IF NOT EXISTS `comtccmmnclcode` (
  `CL_CODE` char(3) NOT NULL,
  `CL_CODE_NM` varchar(60) DEFAULT NULL,
  `CL_CODE_DC` varchar(200) DEFAULT NULL,
  `USE_AT` char(1) DEFAULT NULL,
  `FRST_REGIST_PNTTM` datetime DEFAULT NULL,
  `FRST_REGISTER_ID` varchar(20) DEFAULT NULL,
  `LAST_UPDT_PNTTM` datetime DEFAULT NULL,
  `LAST_UPDUSR_ID` varchar(20) DEFAULT NULL,
  PRIMARY KEY (`CL_CODE`),
  UNIQUE KEY `COMTCCMMNCLCODE_PK` (`CL_CODE`)
) ENGINE=InnoDB DEFAULT CHARSET=utf8;

-- 테이블 데이터 ctas.comtccmmnclcode:~0 rows (대략적) 내보내기
DELETE FROM `comtccmmnclcode`;
/*!40000 ALTER TABLE `comtccmmnclcode` DISABLE KEYS */;
INSERT INTO `comtccmmnclcode` (`CL_CODE`, `CL_CODE_NM`, `CL_CODE_DC`, `USE_AT`, `FRST_REGIST_PNTTM`, `FRST_REGISTER_ID`, `LAST_UPDT_PNTTM`, `LAST_UPDUSR_ID`) VALUES
	('EFC', '민원서비스 종합평가시스템', '민원서비스 종합평가시스템', 'Y', '2017-08-26 18:13:50', 'SYSTEM', '2017-08-26 18:13:50', 'SYSTEM');
/*!40000 ALTER TABLE `comtccmmnclcode` ENABLE KEYS */;

-- 테이블 ctas.comtccmmncode 구조 내보내기
CREATE TABLE IF NOT EXISTS `comtccmmncode` (
  `CODE_ID` varchar(6) NOT NULL,
  `CODE_ID_NM` varchar(60) DEFAULT NULL,
  `CODE_ID_DC` varchar(200) DEFAULT NULL,
  `USE_AT` char(1) DEFAULT NULL,
  `CL_CODE` char(3) DEFAULT NULL,
  `FRST_REGIST_PNTTM` datetime DEFAULT NULL,
  `FRST_REGISTER_ID` varchar(20) DEFAULT NULL,
  `LAST_UPDT_PNTTM` datetime DEFAULT NULL,
  `LAST_UPDUSR_ID` varchar(20) DEFAULT NULL,
  PRIMARY KEY (`CODE_ID`),
  UNIQUE KEY `COMTCCMMNCODE_PK` (`CODE_ID`),
  KEY `COMTCCMMNCODE_i01` (`CL_CODE`),
  CONSTRAINT `comtccmmncode_ibfk_1` FOREIGN KEY (`CL_CODE`) REFERENCES `comtccmmnclcode` (`CL_CODE`)
) ENGINE=InnoDB DEFAULT CHARSET=utf8;

-- 테이블 데이터 ctas.comtccmmncode:~77 rows (대략적) 내보내기
DELETE FROM `comtccmmncode`;
/*!40000 ALTER TABLE `comtccmmncode` DISABLE KEYS */;
INSERT INTO `comtccmmncode` (`CODE_ID`, `CODE_ID_NM`, `CODE_ID_DC`, `USE_AT`, `CL_CODE`, `FRST_REGIST_PNTTM`, `FRST_REGISTER_ID`, `LAST_UPDT_PNTTM`, `LAST_UPDUSR_ID`) VALUES
	('COM001', '등록구분', '게시판, 커뮤니티, 동호회 등록구분코드', 'Y', 'EFC', '2017-08-26 18:13:50', 'SYSTEM', '2017-08-26 18:13:50', 'SYSTEM'),
	('COM002', '이력구분', '시스템이력등록구분', 'Y', 'EFC', '2017-08-26 18:13:50', 'SYSTEM', '2017-08-26 18:13:50', 'SYSTEM'),
	('COM003', '업무구분', '업무구분코드', 'Y', 'EFC', '2017-08-26 18:13:50', 'SYSTEM', '2017-08-26 18:13:50', 'SYSTEM'),
	('COM004', '게시판유형', '게시판유형구분코드', 'Y', 'EFC', '2017-08-26 18:13:50', 'SYSTEM', '2017-08-26 18:13:50', 'SYSTEM'),
	('COM005', '템플릿유형', '템플릿유형구분코드', 'Y', 'EFC', '2017-08-26 18:13:50', 'SYSTEM', '2017-08-26 18:13:50', 'SYSTEM'),
	('COM006', '승인유형', '동호회, 커뮤니티 승인 유형', 'Y', 'EFC', '2017-08-26 18:13:50', 'SYSTEM', '2017-08-26 18:13:50', 'SYSTEM'),
	('COM007', '승인상태', '동호회, 커뮤니티 승인 상태', 'Y', 'EFC', '2017-08-26 18:13:50', 'SYSTEM', '2017-08-26 18:13:50', 'SYSTEM'),
	('COM008', '처리상태', '송수신 요청의 처리상태', 'Y', 'EFC', '2017-08-26 18:13:50', 'SYSTEM', '2017-08-26 18:13:50', 'SYSTEM'),
	('COM009', '게시판속성', '게시판 속성', 'Y', 'EFC', '2017-08-26 18:13:50', 'SYSTEM', '2017-08-26 18:13:50', 'SYSTEM'),
	('COM010', '권한유형', '시스템을 사용하기 위한 권한 구분', 'Y', 'EFC', '2017-08-26 18:13:50', 'SYSTEM', '2017-08-26 18:13:50', 'SYSTEM'),
	('COM011', '롤유형', '시스템의 기능을 사용하기 위한 롤 구분', 'Y', 'EFC', '2017-08-26 18:13:50', 'SYSTEM', '2017-08-26 18:13:50', 'SYSTEM'),
	('COM012', '회원유형', '일반/기업/업무담당자를 구현하기 위한 사용자 구분', 'Y', 'EFC', '2017-08-26 18:13:50', 'SYSTEM', '2017-08-26 18:13:50', 'SYSTEM'),
	('COM013', '회원상태', '회원 가입 신청/승인/삭제를 위한 상태 구분', 'Y', 'EFC', '2017-08-26 18:13:50', 'SYSTEM', '2017-08-26 18:13:50', 'SYSTEM'),
	('COM014', '성별구분', '남녀 성별 구분', 'Y', 'EFC', '2017-08-26 18:13:50', 'SYSTEM', '2017-08-26 18:13:50', 'SYSTEM'),
	('COM015', '인증방식유형', '주민등록번호 인증, Gpin 인증과 같은 사용자 인증 구분', 'Y', 'EFC', '2017-08-26 18:13:50', 'SYSTEM', '2017-08-26 18:13:50', 'SYSTEM'),
	('COM016', '변경요청처리 상태', '프로그램 변경의 요청/처리 등의 변경요청 상태 구분', 'Y', 'EFC', '2017-08-26 18:13:50', 'SYSTEM', '2017-08-26 18:13:50', 'SYSTEM'),
	('COM017', '휴일구분', '휴일의 구분', 'Y', 'EFC', '2017-08-26 18:13:50', 'SYSTEM', '2017-08-26 18:13:50', 'SYSTEM'),
	('COM018', '질문유형', '질문유형 객관식/주관식 상태구분', 'Y', 'EFC', '2017-08-26 18:13:50', 'SYSTEM', '2017-08-26 18:13:50', 'SYSTEM'),
	('COM019', '일정중요도', '일정중요도 낮음/보통/높음 상태구분', 'Y', 'EFC', '2017-08-26 18:13:50', 'SYSTEM', '2017-08-26 18:13:50', 'SYSTEM'),
	('COM020', '일정구분', '일정구분 부서일지정보/일지정보 상태구분', 'Y', 'EFC', '2017-08-26 18:13:50', 'SYSTEM', '2017-08-26 18:13:50', 'SYSTEM'),
	('COM021', '도움말구분', '도움말 설명 구분코드', 'Y', 'EFC', '2017-08-26 18:13:50', 'SYSTEM', '2017-08-26 18:13:50', 'SYSTEM'),
	('COM022', '비밀번호 힌트', '비밀번호 힌트 구분코드', 'Y', 'EFC', '2017-08-26 18:13:50', 'SYSTEM', '2017-08-26 18:13:50', 'SYSTEM'),
	('COM023', '사이트주제분류', '사이트주제분류 설명 구분코드', 'Y', 'EFC', '2017-08-26 18:13:50', 'SYSTEM', '2017-08-26 18:13:50', 'SYSTEM'),
	('COM024', '발송결과구분', '발송메일 수신결과 구분 코드', 'Y', 'EFC', '2017-08-26 18:13:50', 'SYSTEM', '2017-08-26 18:13:50', 'SYSTEM'),
	('COM025', '소속기관', '소속기관정보를 관리할때 사용하는 구분코드(시스템별로 재정의)', 'Y', 'EFC', '2017-08-26 18:13:50', 'SYSTEM', '2017-08-26 18:13:50', 'SYSTEM'),
	('COM026', '기업구분', '기업구분정보를 관리할때 사용하는 구분코드(시스템별로 재정의)', 'Y', 'EFC', '2017-08-26 18:13:50', 'SYSTEM', '2017-08-26 18:13:50', 'SYSTEM'),
	('COM027', '업종', '대표업종코드(시스템별로 재정의)', 'Y', 'EFC', '2017-08-26 18:13:50', 'SYSTEM', '2017-08-26 18:13:50', 'SYSTEM'),
	('COM028', '질의응답처리상태', 'Q/A 처리상태코드', 'Y', 'EFC', '2017-08-26 18:13:50', 'SYSTEM', '2017-08-26 18:13:50', 'SYSTEM'),
	('COM029', '롤유형코드', '', 'Y', 'EFC', '2017-08-26 18:13:50', 'SYSTEM', '2017-08-26 18:13:50', 'SYSTEM'),
	('COM030', '일정구분', '일정구분 코드', 'Y', 'EFC', '2017-08-26 18:13:51', 'SYSTEM', '2017-08-26 18:13:51', 'SYSTEM'),
	('COM031', '반복구분', '일정 반복구분 코드', 'Y', 'EFC', '2017-08-26 18:13:51', 'SYSTEM', '2017-08-26 18:13:51', 'SYSTEM'),
	('COM032', '작업유형', '승인이력 작업유형', 'Y', 'EFC', '2017-08-26 18:13:51', 'SYSTEM', '2017-08-26 18:13:51', 'SYSTEM'),
	('COM033', '시스템로그구분', '', 'Y', 'EFC', '2017-08-26 18:13:51', 'SYSTEM', '2017-08-26 18:13:51', 'SYSTEM'),
	('COM034', '직업유형', '직업유형코드', 'Y', 'EFC', '2017-08-26 18:13:51', 'SYSTEM', '2017-08-26 18:13:51', 'SYSTEM'),
	('COM035', '행사유형', '행사/이벤트/캠페인 구분', 'Y', 'EFC', '2017-08-26 18:13:51', 'SYSTEM', '2017-08-26 18:13:51', 'SYSTEM'),
	('COM036', '보고서 진행상태코드', '보고서의 진행상태를 코드화 하여 관리한다.', 'Y', 'EFC', '2017-08-26 18:13:51', 'SYSTEM', '2017-08-26 18:13:51', 'SYSTEM'),
	('COM038', '온라인POLL페기유무', '온라인POLL-온라인POLL페기유무', 'Y', 'EFC', '2017-08-26 18:13:51', 'SYSTEM', '2017-08-26 18:13:51', 'SYSTEM'),
	('COM039', '온라인POLL구분', '온라인POLL-온온라인POLL구분', 'Y', 'EFC', '2017-08-26 18:13:51', 'SYSTEM', '2017-08-26 18:13:51', 'SYSTEM'),
	('COM040', '보고서 종류코드', '보고서 종류코드', 'Y', 'EFC', '2017-08-26 18:13:51', 'SYSTEM', '2017-08-26 18:13:51', 'SYSTEM'),
	('COM041', '온라인메뉴얼구분', '온라인메누얼-온라인메뉴얼구분', 'Y', 'EFC', '2017-08-26 18:13:51', 'SYSTEM', '2017-08-26 18:13:51', 'SYSTEM'),
	('COM042', '보고서통계기간구분', '보고서통계기간구분', 'Y', 'EFC', '2017-08-26 18:13:51', 'SYSTEM', '2017-08-26 18:13:51', 'SYSTEM'),
	('COM043', '기관코드변경구분', '기관코드변경구분', 'Y', 'EFC', '2017-08-26 18:13:51', 'SYSTEM', '2017-08-26 18:13:51', 'SYSTEM'),
	('COM044', '기관코드수신처리구분', '기관코드수신처리구분', 'Y', 'EFC', '2017-08-26 18:13:51', 'SYSTEM', '2017-08-26 18:13:51', 'SYSTEM'),
	('COM045', '사용여부', '사용여부', 'Y', 'EFC', '2017-08-26 18:13:51', 'SYSTEM', '2017-08-26 18:13:51', 'SYSTEM'),
	('COM046', '모니터링상태구분', '모니터링상태구분', 'Y', 'EFC', '2017-08-26 18:13:51', 'SYSTEM', '2017-08-26 18:13:51', 'SYSTEM'),
	('COM047', '실행주기구분', '실행주기구분', 'Y', 'EFC', '2017-08-26 18:13:51', 'SYSTEM', '2017-08-26 18:13:51', 'SYSTEM'),
	('COM048', 'DBMS종류', 'DBMS종류', 'Y', 'EFC', '2017-08-26 18:13:51', 'SYSTEM', '2017-08-26 18:13:51', 'SYSTEM'),
	('COM049', '압축구분', '압축구분', 'Y', 'EFC', '2017-08-26 18:13:51', 'SYSTEM', '2017-08-26 18:13:51', 'SYSTEM'),
	('COM050', '수신구분', '쪽지관리', 'Y', 'EFC', '2017-08-26 18:13:51', 'SYSTEM', '2017-08-26 18:13:51', 'SYSTEM'),
	('COM051', '승인여부', '승인여부구분코드', 'Y', 'EFC', '2017-08-26 18:13:51', 'SYSTEM', '2017-08-26 18:13:51', 'SYSTEM'),
	('COM052', '달력구분', '달력구분', 'Y', 'EFC', '2017-08-26 18:13:51', 'SYSTEM', '2017-08-26 18:13:51', 'SYSTEM'),
	('COM053', '행사구분', '행사구분', 'Y', 'EFC', '2017-08-26 18:13:51', 'SYSTEM', '2017-08-26 18:13:51', 'SYSTEM'),
	('COM054', '경조구분', '경조구분', 'Y', 'EFC', '2017-08-26 18:13:51', 'SYSTEM', '2017-08-26 18:13:51', 'SYSTEM'),
	('COM055', '포상구분', '포상구분', 'Y', 'EFC', '2017-08-26 18:13:51', 'SYSTEM', '2017-08-26 18:13:51', 'SYSTEM'),
	('COM056', '휴가구분', '휴가구분', 'Y', 'EFC', '2017-08-26 18:13:51', 'SYSTEM', '2017-08-26 18:13:51', 'SYSTEM'),
	('COM057', '일정구분', '일정구분', 'Y', 'EFC', '2017-08-26 18:13:51', 'SYSTEM', '2017-08-26 18:13:51', 'SYSTEM'),
	('COM058', '반복구분코드', '반복구분코드', 'Y', 'EFC', '2017-08-26 18:13:51', 'SYSTEM', '2017-08-26 18:13:51', 'SYSTEM'),
	('COM059', '우선순위', '우선순위', 'Y', 'EFC', '2017-08-26 18:13:51', 'SYSTEM', '2017-08-26 18:13:51', 'SYSTEM'),
	('COM060', '보고서구분', '보고서구분', 'Y', 'EFC', '2017-08-26 18:13:51', 'SYSTEM', '2017-08-26 18:13:51', 'SYSTEM'),
	('COM061', '간부상태', '간부상태', 'Y', 'EFC', '2017-08-26 18:13:51', 'SYSTEM', '2017-08-26 18:13:51', 'SYSTEM'),
	('COM062', ' HTTP상태코드', 'HTTP상태코드', 'Y', 'EFC', '2017-08-26 18:13:51', 'SYSTEM', '2017-08-26 18:13:51', 'SYSTEM'),
	('COM063', '상태관리', '상태관리', 'Y', 'EFC', '2017-08-26 18:13:51', 'SYSTEM', '2017-08-26 18:13:51', 'SYSTEM'),
	('COM064', '서버종류코드', '서버종류코드', 'Y', 'EFC', '2017-08-26 18:13:51', 'SYSTEM', '2017-08-26 18:13:51', 'SYSTEM'),
	('COM065', '장애종류코드', '장애종류코드', 'Y', 'EFC', '2017-08-26 18:13:51', 'SYSTEM', '2017-08-26 18:13:51', 'SYSTEM'),
	('COM066', '서버자원종류', '서버자원종류', 'Y', 'EFC', '2017-08-26 18:13:51', 'SYSTEM', '2017-08-26 18:13:51', 'SYSTEM'),
	('COM067', '네트워크관리항목', '네트워크관리항목', 'Y', 'EFC', '2017-08-26 18:13:51', 'SYSTEM', '2017-08-26 18:13:51', 'SYSTEM'),
	('COM068', '처리상태코드', '처리상태코드', 'Y', 'EFC', '2017-08-26 18:13:51', 'SYSTEM', '2017-08-26 18:13:51', 'SYSTEM'),
	('COM069', '기념일구분', '기념일구분', 'Y', 'EFC', '2017-08-26 18:13:51', 'SYSTEM', '2017-08-26 18:13:51', 'SYSTEM'),
	('COM070', '위치구분', '회의실 위치구분', 'Y', 'EFC', '2017-08-26 18:13:51', 'SYSTEM', '2017-08-26 18:13:51', 'SYSTEM'),
	('COM071', '당직체크구분', '당직체크구분', 'Y', 'EFC', '2017-08-26 18:13:51', 'SYSTEM', '2017-08-26 18:13:51', 'SYSTEM'),
	('COM072', '서비스상태', '서비스상태', 'Y', 'EFC', '2017-08-26 18:13:51', 'SYSTEM', '2017-08-26 18:13:51', 'SYSTEM'),
	('COM073', '가족관계', '가족관계', 'Y', 'EFC', '2017-08-26 18:13:51', 'SYSTEM', '2017-08-26 18:13:51', 'SYSTEM'),
	('COM074', '요일구분', '요일구분', 'Y', 'EFC', '2017-08-26 18:13:52', 'SYSTEM', '2017-08-26 18:13:52', 'SYSTEM'),
	('COM075', '업무구분코드', '업무구분코드', 'Y', 'EFC', '2017-08-26 18:13:52', 'SYSTEM', '2017-08-26 18:13:52', 'SYSTEM'),
	('COM076', '실행상태구분', '실행상태구분', 'Y', 'EFC', '2017-08-26 18:13:52', 'SYSTEM', '2017-08-26 18:13:52', 'SYSTEM'),
	('COM101', '게시판유형', '게시판유형', 'Y', 'EFC', '2017-08-26 18:13:52', 'SYSTEM', '2017-08-26 18:13:52', 'SYSTEM'),
	('COM102', '단어구분', '단어구분', 'Y', 'EFC', '2017-08-26 18:13:52', 'SYSTEM', '2017-08-26 18:13:52', 'SYSTEM'),
	('CTA001', '평가지표', '평가지표', 'Y', 'EFC', '2017-08-27 18:19:32', 'SYSTEM', '2017-08-27 18:19:32', 'SYSTEM');
/*!40000 ALTER TABLE `comtccmmncode` ENABLE KEYS */;

-- 테이블 ctas.comtccmmndetailcode 구조 내보내기
CREATE TABLE IF NOT EXISTS `comtccmmndetailcode` (
  `CODE_ID` varchar(6) NOT NULL,
  `CODE` varchar(15) NOT NULL,
  `CODE_NM` varchar(60) DEFAULT NULL,
  `CODE_DC` varchar(200) DEFAULT NULL,
  `USE_AT` char(1) DEFAULT NULL,
  `FRST_REGIST_PNTTM` datetime DEFAULT NULL,
  `FRST_REGISTER_ID` varchar(20) DEFAULT NULL,
  `LAST_UPDT_PNTTM` datetime DEFAULT NULL,
  `LAST_UPDUSR_ID` varchar(20) DEFAULT NULL,
  PRIMARY KEY (`CODE_ID`,`CODE`),
  UNIQUE KEY `COMTCCMMNDETAILCODE_PK` (`CODE_ID`,`CODE`),
  KEY `COMTCCMMNDETAILCODE_i01` (`CODE_ID`),
  CONSTRAINT `comtccmmndetailcode_ibfk_1` FOREIGN KEY (`CODE_ID`) REFERENCES `comtccmmncode` (`CODE_ID`)
) ENGINE=InnoDB DEFAULT CHARSET=utf8;

-- 테이블 데이터 ctas.comtccmmndetailcode:~419 rows (대략적) 내보내기
DELETE FROM `comtccmmndetailcode`;
/*!40000 ALTER TABLE `comtccmmndetailcode` DISABLE KEYS */;
INSERT INTO `comtccmmndetailcode` (`CODE_ID`, `CODE`, `CODE_NM`, `CODE_DC`, `USE_AT`, `FRST_REGIST_PNTTM`, `FRST_REGISTER_ID`, `LAST_UPDT_PNTTM`, `LAST_UPDUSR_ID`) VALUES
	('COM001', 'REGC01', '단일 게시판 이용등록', '단일 게시판 이용등록', 'Y', '2017-08-26 18:13:52', 'SYSTEM', '2017-08-26 18:13:52', 'SYSTEM'),
	('COM001', 'REGC02', '커뮤니티 등록', '커뮤니티 등록', 'Y', '2017-08-26 18:13:52', 'SYSTEM', '2017-08-26 18:13:52', 'SYSTEM'),
	('COM001', 'REGC03', '동호회 등록', '동호회 등록', 'Y', '2017-08-26 18:13:52', 'SYSTEM', '2017-08-26 18:13:52', 'SYSTEM'),
	('COM001', 'REGC04', '명함등록', '명함등록', 'Y', '2017-08-26 18:13:52', 'SYSTEM', '2017-08-26 18:13:52', 'SYSTEM'),
	('COM001', 'REGC05', '동호회 게시판 등록', '동호회 게시판 등록', 'Y', '2017-08-26 18:13:52', 'SYSTEM', '2017-08-26 18:13:52', 'SYSTEM'),
	('COM001', 'REGC06', '커뮤니티 게시판 등록', '커뮤니티 게시판 등록', 'Y', '2017-08-26 18:13:52', 'SYSTEM', '2017-08-26 18:13:52', 'SYSTEM'),
	('COM001', 'REGC07', '게시판사용자등록', '게시판사용자등록', 'Y', '2017-08-26 18:13:52', 'SYSTEM', '2017-08-26 18:13:52', 'SYSTEM'),
	('COM002', 'HIST01', '소프트웨어패치', '소프트웨어패치', 'Y', '2017-08-26 18:13:52', 'SYSTEM', '2017-08-26 18:13:52', 'SYSTEM'),
	('COM002', 'HIST02', '소프트웨어설치', '소프트웨어설치', 'Y', '2017-08-26 18:13:52', 'SYSTEM', '2017-08-26 18:13:52', 'SYSTEM'),
	('COM002', 'HIST03', '소프트웨어삭제', '소프트웨어삭제', 'Y', '2017-08-26 18:13:52', 'SYSTEM', '2017-08-26 18:13:52', 'SYSTEM'),
	('COM002', 'HIST04', '하드웨어업그레이드', '하드웨어업그레이드', 'Y', '2017-08-26 18:13:52', 'SYSTEM', '2017-08-26 18:13:52', 'SYSTEM'),
	('COM002', 'HIST05', '하드웨어삭제', '하드웨어삭제', 'Y', '2017-08-26 18:13:52', 'SYSTEM', '2017-08-26 18:13:52', 'SYSTEM'),
	('COM003', 'BBS', '게시판', '게시판', 'Y', '2017-08-26 18:13:52', 'SYSTEM', '2017-08-26 18:13:52', 'SYSTEM'),
	('COM003', 'CLB', '동호회', '동호회', 'Y', '2017-08-26 18:13:52', 'SYSTEM', '2017-08-26 18:13:52', 'SYSTEM'),
	('COM003', 'CMY', '커뮤니티', '커뮤니티', 'Y', '2017-08-26 18:13:52', 'SYSTEM', '2017-08-26 18:13:52', 'SYSTEM'),
	('COM003', 'NCD', '명함', '명함', 'Y', '2017-08-26 18:13:52', 'SYSTEM', '2017-08-26 18:13:52', 'SYSTEM'),
	('COM004', 'BBST01', '일반게시판', '일반게시판', 'Y', '2017-08-26 18:13:52', 'SYSTEM', '2017-08-26 18:13:52', 'SYSTEM'),
	('COM004', 'BBST02', '익명게시판', '익명게시판', 'Y', '2017-08-26 18:13:52', 'SYSTEM', '2017-08-26 18:13:52', 'SYSTEM'),
	('COM004', 'BBST03', '공지게시판', '공지게시판', 'Y', '2017-08-26 18:13:52', 'SYSTEM', '2017-08-26 18:13:52', 'SYSTEM'),
	('COM004', 'BBST04', '방명록', '방명록', 'Y', '2017-08-26 18:13:52', 'SYSTEM', '2017-08-26 18:13:52', 'SYSTEM'),
	('COM005', 'TMPT01', '게시판템플릿', '게시판템플릿', 'Y', '2017-08-26 18:13:52', 'SYSTEM', '2017-08-26 18:13:52', 'SYSTEM'),
	('COM005', 'TMPT02', '커뮤니티템플릿', '커뮤니티템플릿', 'Y', '2017-08-26 18:13:52', 'SYSTEM', '2017-08-26 18:13:52', 'SYSTEM'),
	('COM005', 'TMPT03', '동호회템플릿', '동호회템플릿', 'Y', '2017-08-26 18:13:52', 'SYSTEM', '2017-08-26 18:13:52', 'SYSTEM'),
	('COM006', 'CF01', '커뮤니티등록', '커뮤니티등록', 'Y', '2017-08-26 18:13:52', 'SYSTEM', '2017-08-26 18:13:52', 'SYSTEM'),
	('COM006', 'CF02', '커뮤니티삭제', '커뮤니티삭제', 'Y', '2017-08-26 18:13:52', 'SYSTEM', '2017-08-26 18:13:52', 'SYSTEM'),
	('COM006', 'CF03', '동호회등록', '동호회등록', 'Y', '2017-08-26 18:13:52', 'SYSTEM', '2017-08-26 18:13:52', 'SYSTEM'),
	('COM006', 'CF04', '동호회삭제', '동호회삭제', 'Y', '2017-08-26 18:13:52', 'SYSTEM', '2017-08-26 18:13:52', 'SYSTEM'),
	('COM006', 'CF05', '커뮤니티운영자등록', '커뮤니티운영자등록', 'Y', '2017-08-26 18:13:52', 'SYSTEM', '2017-08-26 18:13:52', 'SYSTEM'),
	('COM006', 'CF06', '커뮤니티운영자삭제', '커뮤니티운영자삭제', 'Y', '2017-08-26 18:13:52', 'SYSTEM', '2017-08-26 18:13:52', 'SYSTEM'),
	('COM006', 'CF07', '동호회운영자등록', '동호회운영자등록', 'Y', '2017-08-26 18:13:52', 'SYSTEM', '2017-08-26 18:13:52', 'SYSTEM'),
	('COM006', 'CF08', '동호회운영자삭제', '동호회운영자삭제', 'Y', '2017-08-26 18:13:52', 'SYSTEM', '2017-08-26 18:13:52', 'SYSTEM'),
	('COM006', 'CF09', '게시판이용등록', '게시판이용등록', 'Y', '2017-08-26 18:13:52', 'SYSTEM', '2017-08-26 18:13:52', 'SYSTEM'),
	('COM006', 'CF10', '게시판삭제', '게시판삭제', 'Y', '2017-08-26 18:13:52', 'SYSTEM', '2017-08-26 18:13:52', 'SYSTEM'),
	('COM006', 'CF11', '커뮤니티사용자등록', '커뮤니티사용자등록', 'Y', '2017-08-26 18:13:52', 'SYSTEM', '2017-08-26 18:13:52', 'SYSTEM'),
	('COM006', 'CF12', '커뮤니티사용자탈퇴', '커뮤니티사용자탈퇴', 'Y', '2017-08-26 18:13:52', 'SYSTEM', '2017-08-26 18:13:52', 'SYSTEM'),
	('COM006', 'CF13', '동호회사용자등록', '동호회사용자등록', 'Y', '2017-08-26 18:13:52', 'SYSTEM', '2017-08-26 18:13:52', 'SYSTEM'),
	('COM006', 'CF14', '동호회사용자탈퇴', '동호회사용자탈퇴', 'Y', '2017-08-26 18:13:52', 'SYSTEM', '2017-08-26 18:13:52', 'SYSTEM'),
	('COM007', 'AP01', '승인요청', '승인요청', 'Y', '2017-08-26 18:13:53', 'SYSTEM', '2017-08-26 18:13:53', 'SYSTEM'),
	('COM007', 'AP02', '승인허가', '승인허가', 'Y', '2017-08-26 18:13:53', 'SYSTEM', '2017-08-26 18:13:53', 'SYSTEM'),
	('COM007', 'AP03', '승인반려', '승인반려', 'Y', '2017-08-26 18:13:53', 'SYSTEM', '2017-08-26 18:13:53', 'SYSTEM'),
	('COM008', 'S01', '전송요청', '전송요청', 'Y', '2017-08-26 18:13:53', 'SYSTEM', '2017-08-26 18:13:53', 'SYSTEM'),
	('COM008', 'S02', '전송완료', '전송완료', 'Y', '2017-08-26 18:13:53', 'SYSTEM', '2017-08-26 18:13:53', 'SYSTEM'),
	('COM008', 'S03', '전송실패', '전송실패', 'Y', '2017-08-26 18:13:53', 'SYSTEM', '2017-08-26 18:13:53', 'SYSTEM'),
	('COM008', 'S04', '수신요청', '수신요청', 'Y', '2017-08-26 18:13:53', 'SYSTEM', '2017-08-26 18:13:53', 'SYSTEM'),
	('COM008', 'S05', '수신완료', '수신완료', 'Y', '2017-08-26 18:13:53', 'SYSTEM', '2017-08-26 18:13:53', 'SYSTEM'),
	('COM008', 'S06', '수신실패', '수신실패', 'Y', '2017-08-26 18:13:53', 'SYSTEM', '2017-08-26 18:13:53', 'SYSTEM'),
	('COM009', 'BBSA01', '유효게시판', '유효게시판', 'Y', '2017-08-26 18:13:53', 'SYSTEM', '2017-08-26 18:13:53', 'SYSTEM'),
	('COM009', 'BBSA02', '갤러리', '갤러리', 'Y', '2017-08-26 18:13:53', 'SYSTEM', '2017-08-26 18:13:53', 'SYSTEM'),
	('COM009', 'BBSA03', '일반게시판', '일반게시판', 'Y', '2017-08-26 18:13:53', 'SYSTEM', '2017-08-26 18:13:53', 'SYSTEM'),
	('COM010', 'PRVA001', '어플리케이션 관련 권한', '어플리케이션 관련 권한', 'Y', '2017-08-26 18:13:53', 'SYSTEM', '2017-08-26 18:13:53', 'SYSTEM'),
	('COM010', 'PRVB001', '게시판 관련 권한', '게시판 관련 권한', 'Y', '2017-08-26 18:13:53', 'SYSTEM', '2017-08-26 18:13:53', 'SYSTEM'),
	('COM010', 'PRVC001', '커뮤니티 관련 권한', '커뮤니티 관련 권한', 'Y', '2017-08-26 18:13:53', 'SYSTEM', '2017-08-26 18:13:53', 'SYSTEM'),
	('COM010', 'PRVD001', '데이터베이스 관련 권한', '데이터베이스 관련 권한', 'Y', '2017-08-26 18:13:53', 'SYSTEM', '2017-08-26 18:13:53', 'SYSTEM'),
	('COM010', 'PRVS001', '시스템 관련 권한(최상위 권한)', '시스템 관련 권한(최상위 권한)', 'Y', '2017-08-26 18:13:53', 'SYSTEM', '2017-08-26 18:13:53', 'SYSTEM'),
	('COM010', 'PRVU001', '사용자 관련 권한', '사용자 관련 권한', 'Y', '2017-08-26 18:13:53', 'SYSTEM', '2017-08-26 18:13:53', 'SYSTEM'),
	('COM011', 'ROLA001', '어플리케이션 관련 최상위 롤', '어플리케이션 관련 최상위 롤', 'Y', '2017-08-26 18:13:53', 'SYSTEM', '2017-08-26 18:13:53', 'SYSTEM'),
	('COM011', 'ROLA002', '업무 어플리케이션 접근 롤', '업무 어플리케이션 접근 롤', 'Y', '2017-08-26 18:13:53', 'SYSTEM', '2017-08-26 18:13:53', 'SYSTEM'),
	('COM011', 'ROLA003', '업무 어플리케이션 관리 롤', '업무 어플리케이션 관리 롤', 'Y', '2017-08-26 18:13:53', 'SYSTEM', '2017-08-26 18:13:53', 'SYSTEM'),
	('COM011', 'ROLA004', '일반 어플리케이션 접근 롤', '일반 어플리케이션 접근 롤', 'Y', '2017-08-26 18:13:53', 'SYSTEM', '2017-08-26 18:13:53', 'SYSTEM'),
	('COM011', 'ROLA005', '일반 어프리케이션 관리 롤', '일반 어프리케이션 관리 롤', 'Y', '2017-08-26 18:13:53', 'SYSTEM', '2017-08-26 18:13:53', 'SYSTEM'),
	('COM011', 'ROLA006', '어플리케이션 약관 관리 롤', '어플리케이션 약관 관리 롤', 'Y', '2017-08-26 18:13:53', 'SYSTEM', '2017-08-26 18:13:53', 'SYSTEM'),
	('COM011', 'ROLA007', '어플리케이션 저작권 관리 롤', '어플리케이션 저작권 관리 롤', 'Y', '2017-08-26 18:13:53', 'SYSTEM', '2017-08-26 18:13:53', 'SYSTEM'),
	('COM011', 'ROLA008', '통계 및 보고서 접근 롤', '통계 및 보고서 접근 롤', 'Y', '2017-08-26 18:13:53', 'SYSTEM', '2017-08-26 18:13:53', 'SYSTEM'),
	('COM011', 'ROLB001', '게시판 관련 최상위 롤', '게시판 관련 최상위 롤', 'Y', '2017-08-26 18:13:53', 'SYSTEM', '2017-08-26 18:13:53', 'SYSTEM'),
	('COM011', 'ROLB002', '게시판 생성 롤', '게시판 생성 롤', 'Y', '2017-08-26 18:13:53', 'SYSTEM', '2017-08-26 18:13:53', 'SYSTEM'),
	('COM011', 'ROLB003', '게시판 접근 롤', '게시판 접근 롤', 'Y', '2017-08-26 18:13:54', 'SYSTEM', '2017-08-26 18:13:54', 'SYSTEM'),
	('COM011', 'ROLB004', '게시판 글쓰기 롤', '게시판 글쓰기 롤', 'Y', '2017-08-26 18:13:54', 'SYSTEM', '2017-08-26 18:13:54', 'SYSTEM'),
	('COM011', 'ROLB005', '게시판 글 수정/삭제 롤', '게시판 글 수정/삭제 롤', 'Y', '2017-08-26 18:13:54', 'SYSTEM', '2017-08-26 18:13:54', 'SYSTEM'),
	('COM011', 'ROLC001', '커뮤니티 관련 최상위 롤', '커뮤니티 관련 최상위 롤', 'Y', '2017-08-26 18:13:54', 'SYSTEM', '2017-08-26 18:13:54', 'SYSTEM'),
	('COM011', 'ROLC002', '커뮤니티 생성 롤', '커뮤니티 생성 롤', 'Y', '2017-08-26 18:13:54', 'SYSTEM', '2017-08-26 18:13:54', 'SYSTEM'),
	('COM011', 'ROLC003', '커뮤니티 접근 롤', '커뮤니티 접근 롤', 'Y', '2017-08-26 18:13:54', 'SYSTEM', '2017-08-26 18:13:54', 'SYSTEM'),
	('COM011', 'ROLC004', '커뮤니티 글쓰기 롤', '커뮤니티 글쓰기 롤', 'Y', '2017-08-26 18:13:54', 'SYSTEM', '2017-08-26 18:13:54', 'SYSTEM'),
	('COM011', 'ROLC005', '커뮤니티 글 수정/삭제 롤', '커뮤니티 글 수정/삭제 롤', 'Y', '2017-08-26 18:13:54', 'SYSTEM', '2017-08-26 18:13:54', 'SYSTEM'),
	('COM011', 'ROLC006', '파일 업로드 롤', '파일 업로드 롤', 'Y', '2017-08-26 18:13:54', 'SYSTEM', '2017-08-26 18:13:54', 'SYSTEM'),
	('COM011', 'ROLD001', '데이터베이스 관련 최상위 롤', '데이터베이스 관련 최상위 롤', 'Y', '2017-08-26 18:13:53', 'SYSTEM', '2017-08-26 18:13:53', 'SYSTEM'),
	('COM011', 'ROLD002', '데이터베이스 스키마 등록/변경 롤', '데이터베이스 스키마 등록/변경 롤', 'Y', '2017-08-26 18:13:53', 'SYSTEM', '2017-08-26 18:13:53', 'SYSTEM'),
	('COM011', 'ROLD003', '데이터 조회 롤', '데이터 조회 롤', 'Y', '2017-08-26 18:13:53', 'SYSTEM', '2017-08-26 18:13:53', 'SYSTEM'),
	('COM011', 'ROLD004', '데이터 등록/변경 롤', '데이터 등록/변경 롤', 'Y', '2017-08-26 18:13:53', 'SYSTEM', '2017-08-26 18:13:53', 'SYSTEM'),
	('COM011', 'ROLS001', '시스템 관리 최상위 롤', '시스템 관리 최상위 롤', 'Y', '2017-08-26 18:13:53', 'SYSTEM', '2017-08-26 18:13:53', 'SYSTEM'),
	('COM011', 'ROLS002', '시스템 접근(view) 롤', '시스템 접근(view) 롤', 'Y', '2017-08-26 18:13:53', 'SYSTEM', '2017-08-26 18:13:53', 'SYSTEM'),
	('COM011', 'ROLS003', '시스템 설정 등록/변경 롤', '시스템 설정 등록/변경 롤', 'Y', '2017-08-26 18:13:53', 'SYSTEM', '2017-08-26 18:13:53', 'SYSTEM'),
	('COM011', 'ROLS004', '시스템 파일 등록/변경 롤', '시스템 파일 등록/변경 롤', 'Y', '2017-08-26 18:13:53', 'SYSTEM', '2017-08-26 18:13:53', 'SYSTEM'),
	('COM011', 'ROLU001', '사용자 관련 최상위 롤', '사용자 관련 최상위 롤', 'Y', '2017-08-26 18:13:53', 'SYSTEM', '2017-08-26 18:13:53', 'SYSTEM'),
	('COM011', 'ROLU002', '업무 시스템 사용자 관리 롤', '업무 시스템 사용자 관리 롤', 'Y', '2017-08-26 18:13:53', 'SYSTEM', '2017-08-26 18:13:53', 'SYSTEM'),
	('COM011', 'ROLU003', '기업회원 시스템 사용자 관리 롤', '기업회원 시스템 사용자 관리 롤', 'Y', '2017-08-26 18:13:53', 'SYSTEM', '2017-08-26 18:13:53', 'SYSTEM'),
	('COM011', 'ROLU004', '일반회원 시스템 사용자 관리 롤', '일반회원 시스템 사용자 관리 롤', 'Y', '2017-08-26 18:13:53', 'SYSTEM', '2017-08-26 18:13:53', 'SYSTEM'),
	('COM011', 'ROLU005', '게시판 사용자 관리 롤', '게시판 사용자 관리 롤', 'Y', '2017-08-26 18:13:53', 'SYSTEM', '2017-08-26 18:13:53', 'SYSTEM'),
	('COM011', 'ROLU006', '커뮤니티 사용자 관리 롤', '커뮤니티 사용자 관리 롤', 'Y', '2017-08-26 18:13:53', 'SYSTEM', '2017-08-26 18:13:53', 'SYSTEM'),
	('COM012', 'USR01', '일반 회원 유형', '일반 회원 유형', 'Y', '2017-08-26 18:13:54', 'SYSTEM', '2017-08-26 18:13:54', 'SYSTEM'),
	('COM012', 'USR02', '기업 회원 유형', '기업 회원 유형', 'Y', '2017-08-26 18:13:54', 'SYSTEM', '2017-08-26 18:13:54', 'SYSTEM'),
	('COM012', 'USR03', '업무 담당자(사용자) 유형', '업무 담당자(사용자) 유형', 'Y', '2017-08-26 18:13:54', 'SYSTEM', '2017-08-26 18:13:54', 'SYSTEM'),
	('COM012', 'USR99', '사용자 유형 최상위 롤', '사용자 유형 최상위 롤', 'Y', '2017-08-26 18:13:54', 'SYSTEM', '2017-08-26 18:13:54', 'SYSTEM'),
	('COM013', 'A', '회원 가입 신청 상태', '회원 가입 신청 상태', 'Y', '2017-08-26 18:13:54', 'SYSTEM', '2017-08-26 18:13:54', 'SYSTEM'),
	('COM013', 'D', '회원 가입 삭제 상태', '회원 가입 삭제 상태', 'Y', '2017-08-26 18:13:54', 'SYSTEM', '2017-08-26 18:13:54', 'SYSTEM'),
	('COM013', 'P', '회원 가입 승인 상태', '회원 가입 승인 상태', 'Y', '2017-08-26 18:13:54', 'SYSTEM', '2017-08-26 18:13:54', 'SYSTEM'),
	('COM014', 'F', '여자', '여자', 'Y', '2017-08-26 18:13:54', 'SYSTEM', '2017-08-26 18:13:54', 'SYSTEM'),
	('COM014', 'M', '남자', '남자', 'Y', '2017-08-26 18:13:54', 'SYSTEM', '2017-08-26 18:13:54', 'SYSTEM'),
	('COM015', 'ATH01', '주민등록번호 인증', '주민등록번호 인증', 'Y', '2017-08-26 18:13:54', 'SYSTEM', '2017-08-26 18:13:54', 'SYSTEM'),
	('COM015', 'ATH02', 'GPIN 인증', 'GPIN 인증', 'Y', '2017-08-26 18:13:54', 'SYSTEM', '2017-08-26 18:13:54', 'SYSTEM'),
	('COM016', 'PUR01', '프로그램 변경 요청 신청', '프로그램 변경 요청 신청', 'Y', '2017-08-26 18:13:54', 'SYSTEM', '2017-08-26 18:13:54', 'SYSTEM'),
	('COM016', 'PUR02', '프로그램 변경 요청 수락', '프로그램 변경 요청 수락', 'Y', '2017-08-26 18:13:54', 'SYSTEM', '2017-08-26 18:13:54', 'SYSTEM'),
	('COM016', 'PUR03', '프로그램 변경 진행', '프로그램 변경 진행', 'Y', '2017-08-26 18:13:54', 'SYSTEM', '2017-08-26 18:13:54', 'SYSTEM'),
	('COM016', 'PUR04', '프로그램 변경 완료', '프로그램 변경 완료', 'Y', '2017-08-26 18:13:54', 'SYSTEM', '2017-08-26 18:13:54', 'SYSTEM'),
	('COM016', 'PUR05', '프로그램 변경 이관', '프로그램 변경 이관', 'Y', '2017-08-26 18:13:54', 'SYSTEM', '2017-08-26 18:13:54', 'SYSTEM'),
	('COM017', '01', '법정휴일', '법정휴일', 'Y', '2017-08-26 18:13:54', 'SYSTEM', '2017-08-26 18:13:54', 'SYSTEM'),
	('COM017', '02', '법정공휴일', '법정공휴일', 'Y', '2017-08-26 18:13:54', 'SYSTEM', '2017-08-26 18:13:54', 'SYSTEM'),
	('COM017', '03', '임시공휴일', '임시공휴일', 'Y', '2017-08-26 18:13:54', 'SYSTEM', '2017-08-26 18:13:54', 'SYSTEM'),
	('COM018', '1', '객관식', '객관식', 'Y', '2017-08-26 18:13:54', 'SYSTEM', '2017-08-26 18:13:54', 'SYSTEM'),
	('COM018', '2', '주관식', '주관식', 'Y', '2017-08-26 18:13:54', 'SYSTEM', '2017-08-26 18:13:54', 'SYSTEM'),
	('COM019', 'A', '높음', '높음', 'Y', '2017-08-26 18:13:54', 'SYSTEM', '2017-08-26 18:13:54', 'SYSTEM'),
	('COM019', 'B', '보통', '보통', 'Y', '2017-08-26 18:13:54', 'SYSTEM', '2017-08-26 18:13:54', 'SYSTEM'),
	('COM019', 'C', '낮음', '낮음', 'Y', '2017-08-26 18:13:54', 'SYSTEM', '2017-08-26 18:13:54', 'SYSTEM'),
	('COM020', '1', '부서일정관리', '부서일정관리', 'Y', '2017-08-26 18:13:54', 'SYSTEM', '2017-08-26 18:13:54', 'SYSTEM'),
	('COM020', '2', '일정관리', '일정관리', 'Y', '2017-08-26 18:13:54', 'SYSTEM', '2017-08-26 18:13:54', 'SYSTEM'),
	('COM021', '1', '기능설명', '기능설명', 'Y', '2017-08-26 18:13:54', 'SYSTEM', '2017-08-26 18:13:54', 'SYSTEM'),
	('COM021', '2', '절차설명', '절차설명', 'Y', '2017-08-26 18:13:54', 'SYSTEM', '2017-08-26 18:13:54', 'SYSTEM'),
	('COM022', ' P01', '가장 기억에 남는 장소는?', '가장 기억에 남는 장소는?', 'Y', '2017-08-26 18:13:54', 'SYSTEM', '2017-08-26 18:13:54', 'SYSTEM'),
	('COM022', ' P02', '나의 좌우명은?', '나의 좌우명은?', 'Y', '2017-08-26 18:13:54', 'SYSTEM', '2017-08-26 18:13:54', 'SYSTEM'),
	('COM022', ' P03', '나의 보물 제1호는?', '나의 보물 제1호는?', 'Y', '2017-08-26 18:13:54', 'SYSTEM', '2017-08-26 18:13:54', 'SYSTEM'),
	('COM022', ' P04', '가장 기억에 남는 선생님 성함은?', '가장 기억에 남는 선생님 성함은?', 'Y', '2017-08-26 18:13:55', 'SYSTEM', '2017-08-26 18:13:55', 'SYSTEM'),
	('COM022', ' P05', '다른 사람은 모르는 나만의 신체비밀은?', '다른 사람은 모르는 나만의 신체비밀은?', 'Y', '2017-08-26 18:13:55', 'SYSTEM', '2017-08-26 18:13:55', 'SYSTEM'),
	('COM022', ' P06', '오래도록 기억하고 싶은 날짜는?', '오래도록 기억하고 싶은 날짜는?', 'Y', '2017-08-26 18:13:55', 'SYSTEM', '2017-08-26 18:13:55', 'SYSTEM'),
	('COM022', ' P07', '받았던 선물 중 기억에 남는 독특한 선물은?', '받았던 선물 중 기억에 남는 독특한 선물은?', 'Y', '2017-08-26 18:13:55', 'SYSTEM', '2017-08-26 18:13:55', 'SYSTEM'),
	('COM022', ' P08', '가장 생각나는 친구 이름은?', '가장 생각나는 친구 이름은?', 'Y', '2017-08-26 18:13:55', 'SYSTEM', '2017-08-26 18:13:55', 'SYSTEM'),
	('COM022', ' P09', '인상 깊게 읽은 책 이름은?', '인상 깊게 읽은 책 이름은?', 'Y', '2017-08-26 18:13:55', 'SYSTEM', '2017-08-26 18:13:55', 'SYSTEM'),
	('COM022', ' P10', '내가 존경하는 인물은?', '내가 존경하는 인물은?', 'Y', '2017-08-26 18:13:55', 'SYSTEM', '2017-08-26 18:13:55', 'SYSTEM'),
	('COM022', ' P11', '나의 노래방 애창곡은?', '나의 노래방 애창곡은?', 'Y', '2017-08-26 18:13:55', 'SYSTEM', '2017-08-26 18:13:55', 'SYSTEM'),
	('COM022', ' P12', '가장 감명깊게 본 영화는?', '가장 감명깊게 본 영화는?', 'Y', '2017-08-26 18:13:55', 'SYSTEM', '2017-08-26 18:13:55', 'SYSTEM'),
	('COM022', ' P13', '좋아하는 스포츠팀 이름은?', '좋아하는 스포츠팀 이름은?', 'Y', '2017-08-26 18:13:55', 'SYSTEM', '2017-08-26 18:13:55', 'SYSTEM'),
	('COM023', '01', '경제', '경제', 'Y', '2017-08-26 18:13:55', 'SYSTEM', '2017-08-26 18:13:55', 'SYSTEM'),
	('COM023', '02', '전산', '전산', 'Y', '2017-08-26 18:13:55', 'SYSTEM', '2017-08-26 18:13:55', 'SYSTEM'),
	('COM023', '03', '행정', '행정', 'Y', '2017-08-26 18:13:55', 'SYSTEM', '2017-08-26 18:13:55', 'SYSTEM'),
	('COM024', 'C', '완료', '완료', 'Y', '2017-08-26 18:13:55', 'SYSTEM', '2017-08-26 18:13:55', 'SYSTEM'),
	('COM024', 'F', '실패', '실패', 'Y', '2017-08-26 18:13:55', 'SYSTEM', '2017-08-26 18:13:55', 'SYSTEM'),
	('COM024', 'R', '요청', '요청', 'Y', '2017-08-26 18:13:55', 'SYSTEM', '2017-08-26 18:13:55', 'SYSTEM'),
	('COM025', '00000001', '공공기관', '공공기관', 'Y', '2017-08-26 18:13:55', 'SYSTEM', '2017-08-26 18:13:55', 'SYSTEM'),
	('COM025', '00000002', '금융기관', '금융기관', 'Y', '2017-08-26 18:13:55', 'SYSTEM', '2017-08-26 18:13:55', 'SYSTEM'),
	('COM025', '00000003', '교육기관', '교육기관', 'Y', '2017-08-26 18:13:55', 'SYSTEM', '2017-08-26 18:13:55', 'SYSTEM'),
	('COM025', '00000004', '의료기관', '의료기관', 'Y', '2017-08-26 18:13:55', 'SYSTEM', '2017-08-26 18:13:55', 'SYSTEM'),
	('COM026', 'C0000001', '대기업', '대기업', 'Y', '2017-08-26 18:13:55', 'SYSTEM', '2017-08-26 18:13:55', 'SYSTEM'),
	('COM026', 'C0000002', '중소기업', '중소기업', 'Y', '2017-08-26 18:13:55', 'SYSTEM', '2017-08-26 18:13:55', 'SYSTEM'),
	('COM026', 'C0000003', '다국적기업', '다국적기업', 'Y', '2017-08-26 18:13:55', 'SYSTEM', '2017-08-26 18:13:55', 'SYSTEM'),
	('COM027', 'A', '축산업', '축산업', 'Y', '2017-08-26 18:13:55', 'SYSTEM', '2017-08-26 18:13:55', 'SYSTEM'),
	('COM027', 'B', '어업', '어업', 'Y', '2017-08-26 18:13:55', 'SYSTEM', '2017-08-26 18:13:55', 'SYSTEM'),
	('COM027', 'C', '광업', '광업', 'Y', '2017-08-26 18:13:55', 'SYSTEM', '2017-08-26 18:13:55', 'SYSTEM'),
	('COM027', 'D', '제조업', '제조업', 'Y', '2017-08-26 18:13:55', 'SYSTEM', '2017-08-26 18:13:55', 'SYSTEM'),
	('COM027', 'E', '전기,가스및수도사업', '전기,가스및수도사업', 'Y', '2017-08-26 18:13:55', 'SYSTEM', '2017-08-26 18:13:55', 'SYSTEM'),
	('COM027', 'F', '건설업', '건설업', 'Y', '2017-08-26 18:13:55', 'SYSTEM', '2017-08-26 18:13:55', 'SYSTEM'),
	('COM027', 'G', '도소매 및 소비자용품수리업', '도소매 및 소비자용품수리업', 'Y', '2017-08-26 18:13:55', 'SYSTEM', '2017-08-26 18:13:55', 'SYSTEM'),
	('COM027', 'H', '숙박및음식점', '숙박및음식점', 'Y', '2017-08-26 18:13:55', 'SYSTEM', '2017-08-26 18:13:55', 'SYSTEM'),
	('COM027', 'I', '운수창고및통신업', '운수창고및통신업', 'Y', '2017-08-26 18:13:55', 'SYSTEM', '2017-08-26 18:13:55', 'SYSTEM'),
	('COM027', 'J', '금융및보험업', '금융및보험업', 'Y', '2017-08-26 18:13:55', 'SYSTEM', '2017-08-26 18:13:55', 'SYSTEM'),
	('COM027', 'K', '부동산,임대및사업서비스업', '부동산,임대및사업서비스업', 'Y', '2017-08-26 18:13:55', 'SYSTEM', '2017-08-26 18:13:55', 'SYSTEM'),
	('COM027', 'M', '교육서비스업', '교육서비스업', 'Y', '2017-08-26 18:13:55', 'SYSTEM', '2017-08-26 18:13:55', 'SYSTEM'),
	('COM027', 'N', '보건업', '보건업', 'Y', '2017-08-26 18:13:55', 'SYSTEM', '2017-08-26 18:13:55', 'SYSTEM'),
	('COM027', 'O', '기타공공,사회및개인서비스업', '기타공공,사회및개인서비스업', 'Y', '2017-08-26 18:13:55', 'SYSTEM', '2017-08-26 18:13:55', 'SYSTEM'),
	('COM027', 'P', '가사서비스업', '가사서비스업', 'Y', '2017-08-26 18:13:55', 'SYSTEM', '2017-08-26 18:13:55', 'SYSTEM'),
	('COM028', '1', '접수대기', '접수대기', 'Y', '2017-08-26 18:13:55', 'SYSTEM', '2017-08-26 18:13:55', 'SYSTEM'),
	('COM028', '2', '접수', '접수', 'Y', '2017-08-26 18:13:55', 'SYSTEM', '2017-08-26 18:13:55', 'SYSTEM'),
	('COM028', '3', '완료', '완료', 'Y', '2017-08-26 18:13:55', 'SYSTEM', '2017-08-26 18:13:55', 'SYSTEM'),
	('COM029', 'method', 'METHOD', 'METHOD', 'Y', '2017-08-26 18:13:55', 'SYSTEM', '2017-08-26 18:13:55', 'SYSTEM'),
	('COM029', 'pointcut', 'POINTCUT', 'POINTCUT', 'Y', '2017-08-26 18:13:55', 'SYSTEM', '2017-08-26 18:13:55', 'SYSTEM'),
	('COM029', 'url', 'URL', 'URL', 'Y', '2017-08-26 18:13:56', 'SYSTEM', '2017-08-26 18:13:56', 'SYSTEM'),
	('COM030', '1', '회의', '회의', 'Y', '2017-08-26 18:13:56', 'SYSTEM', '2017-08-26 18:13:56', 'SYSTEM'),
	('COM030', '2', '세미나', '세미나', 'Y', '2017-08-26 18:13:56', 'SYSTEM', '2017-08-26 18:13:56', 'SYSTEM'),
	('COM030', '3', '강의', '강의', 'Y', '2017-08-26 18:13:56', 'SYSTEM', '2017-08-26 18:13:56', 'SYSTEM'),
	('COM030', '4', '교육', '교육', 'Y', '2017-08-26 18:13:56', 'SYSTEM', '2017-08-26 18:13:56', 'SYSTEM'),
	('COM030', '5', '기타', '기타', 'Y', '2017-08-26 18:13:56', 'SYSTEM', '2017-08-26 18:13:56', 'SYSTEM'),
	('COM030', '6', '휴일', '휴일', 'Y', '2017-08-26 18:13:56', 'SYSTEM', '2017-08-26 18:13:56', 'SYSTEM'),
	('COM031', '1', '당일', '당일', 'Y', '2017-08-26 18:13:56', 'SYSTEM', '2017-08-26 18:13:56', 'SYSTEM'),
	('COM031', '2', '반복', '반복', 'Y', '2017-08-26 18:13:56', 'SYSTEM', '2017-08-26 18:13:56', 'SYSTEM'),
	('COM031', '3', '연속', '연속', 'Y', '2017-08-26 18:13:56', 'SYSTEM', '2017-08-26 18:13:56', 'SYSTEM'),
	('COM031', '4', '요일반복', '요일반복', 'Y', '2017-08-26 18:13:56', 'SYSTEM', '2017-08-26 18:13:56', 'SYSTEM'),
	('COM032', 'WC01', '회원가입', '회원가입', 'Y', '2017-08-26 18:13:56', 'SYSTEM', '2017-08-26 18:13:56', 'SYSTEM'),
	('COM032', 'WC02', '사용자등록', '사용자등록', 'Y', '2017-08-26 18:13:56', 'SYSTEM', '2017-08-26 18:13:56', 'SYSTEM'),
	('COM032', 'WC03', '회원탈퇴', '회원탈퇴', 'Y', '2017-08-26 18:13:56', 'SYSTEM', '2017-08-26 18:13:56', 'SYSTEM'),
	('COM032', 'WC04', '사용자삭제', '사용자삭제', 'Y', '2017-08-26 18:13:56', 'SYSTEM', '2017-08-26 18:13:56', 'SYSTEM'),
	('COM032', 'WC05', '커뮤니티등록', '커뮤니티등록', 'Y', '2017-08-26 18:13:56', 'SYSTEM', '2017-08-26 18:13:56', 'SYSTEM'),
	('COM032', 'WC06', '동호회등록', '동호회등록', 'Y', '2017-08-26 18:13:56', 'SYSTEM', '2017-08-26 18:13:56', 'SYSTEM'),
	('COM032', 'WC07', '커뮤니티폐쇄', '커뮤니티폐쇄', 'Y', '2017-08-26 18:13:56', 'SYSTEM', '2017-08-26 18:13:56', 'SYSTEM'),
	('COM032', 'WC08', '동호회폐쇄', '동호회폐쇄', 'Y', '2017-08-26 18:13:56', 'SYSTEM', '2017-08-26 18:13:56', 'SYSTEM'),
	('COM032', 'WC09', '게시판등록', '게시판등록', 'Y', '2017-08-26 18:13:56', 'SYSTEM', '2017-08-26 18:13:56', 'SYSTEM'),
	('COM032', 'WC10', '게시판폐쇄', '게시판폐쇄', 'Y', '2017-08-26 18:13:56', 'SYSTEM', '2017-08-26 18:13:56', 'SYSTEM'),
	('COM033', 'C', '생성', '생성', 'Y', '2017-08-26 18:13:56', 'SYSTEM', '2017-08-26 18:13:56', 'SYSTEM'),
	('COM033', 'D', '삭제', '삭제', 'Y', '2017-08-26 18:13:56', 'SYSTEM', '2017-08-26 18:13:56', 'SYSTEM'),
	('COM033', 'R', '조회', '조회', 'Y', '2017-08-26 18:13:56', 'SYSTEM', '2017-08-26 18:13:56', 'SYSTEM'),
	('COM033', 'U', '수정', '수정', 'Y', '2017-08-26 18:13:56', 'SYSTEM', '2017-08-26 18:13:56', 'SYSTEM'),
	('COM034', '1', '학생', '학생', 'Y', '2017-08-26 18:13:56', 'SYSTEM', '2017-08-26 18:13:56', 'SYSTEM'),
	('COM034', '2', '대학생', '대학생', 'Y', '2017-08-26 18:13:56', 'SYSTEM', '2017-08-26 18:13:56', 'SYSTEM'),
	('COM034', '3', '군인', '군인', 'Y', '2017-08-26 18:13:56', 'SYSTEM', '2017-08-26 18:13:56', 'SYSTEM'),
	('COM034', '4', '교사', '교사', 'Y', '2017-08-26 18:13:56', 'SYSTEM', '2017-08-26 18:13:56', 'SYSTEM'),
	('COM034', '5', '기타', '기타', 'Y', '2017-08-26 18:13:56', 'SYSTEM', '2017-08-26 18:13:56', 'SYSTEM'),
	('COM035', '1', '행사', '행사', 'Y', '2017-08-26 18:13:56', 'SYSTEM', '2017-08-26 18:13:56', 'SYSTEM'),
	('COM035', '2', '이벤트', '이벤트', 'Y', '2017-08-26 18:13:56', 'SYSTEM', '2017-08-26 18:13:56', 'SYSTEM'),
	('COM035', '3', '캠페인', '캠페인', 'Y', '2017-08-26 18:13:56', 'SYSTEM', '2017-08-26 18:13:56', 'SYSTEM'),
	('COM036', '01', '작성', '작성', 'Y', '2017-08-26 18:13:56', 'SYSTEM', '2017-08-26 18:13:56', 'SYSTEM'),
	('COM036', '02', '상신', '상신', 'Y', '2017-08-26 18:13:56', 'SYSTEM', '2017-08-26 18:13:56', 'SYSTEM'),
	('COM036', '03', '반려', '반려', 'Y', '2017-08-26 18:13:56', 'SYSTEM', '2017-08-26 18:13:56', 'SYSTEM'),
	('COM036', '04', '결재완료', '결재완료', 'Y', '2017-08-26 18:13:56', 'SYSTEM', '2017-08-26 18:13:56', 'SYSTEM'),
	('COM038', 'N', 'N', '아니오', 'Y', '2017-08-26 18:13:56', 'SYSTEM', '2017-08-26 18:13:56', 'SYSTEM'),
	('COM038', 'Y', 'Y', '예', 'Y', '2017-08-26 18:13:56', 'SYSTEM', '2017-08-26 18:13:56', 'SYSTEM'),
	('COM039', '001', '사회', '사회', 'Y', '2017-08-26 18:13:56', 'SYSTEM', '2017-08-26 18:13:56', 'SYSTEM'),
	('COM039', '002', '정치', '정치', 'Y', '2017-08-26 18:13:56', 'SYSTEM', '2017-08-26 18:13:56', 'SYSTEM'),
	('COM039', '003', '경제', '경제', 'Y', '2017-08-26 18:13:56', 'SYSTEM', '2017-08-26 18:13:56', 'SYSTEM'),
	('COM039', '004', '문화', '문화', 'Y', '2017-08-26 18:13:56', 'SYSTEM', '2017-08-26 18:13:56', 'SYSTEM'),
	('COM039', '005', '인문', '인문', 'Y', '2017-08-26 18:13:56', 'SYSTEM', '2017-08-26 18:13:56', 'SYSTEM'),
	('COM039', '006', '공학', '공학', 'Y', '2017-08-26 18:13:57', 'SYSTEM', '2017-08-26 18:13:57', 'SYSTEM'),
	('COM039', '007', '기타', '기타', 'Y', '2017-08-26 18:13:57', 'SYSTEM', '2017-08-26 18:13:57', 'SYSTEM'),
	('COM040', '01', '휴가계획서', '휴가계획서', 'Y', '2017-08-26 18:13:57', 'SYSTEM', '2017-08-26 18:13:57', 'SYSTEM'),
	('COM040', '02', '출장보고서', '출장보고서', 'Y', '2017-08-26 18:13:57', 'SYSTEM', '2017-08-26 18:13:57', 'SYSTEM'),
	('COM040', '03', '교육보고서', '교육보고서', 'Y', '2017-08-26 18:13:57', 'SYSTEM', '2017-08-26 18:13:57', 'SYSTEM'),
	('COM040', '04', '판품요청서', '판품요청서', 'Y', '2017-08-26 18:13:57', 'SYSTEM', '2017-08-26 18:13:57', 'SYSTEM'),
	('COM040', '05', '지원요청서', '지원요청서', 'Y', '2017-08-26 18:13:57', 'SYSTEM', '2017-08-26 18:13:57', 'SYSTEM'),
	('COM041', '001', '절차설명', '절차설명', 'Y', '2017-08-26 18:13:57', 'SYSTEM', '2017-08-26 18:13:57', 'SYSTEM'),
	('COM041', '002', '기능설명', '기능설명', 'Y', '2017-08-26 18:13:57', 'SYSTEM', '2017-08-26 18:13:57', 'SYSTEM'),
	('COM041', '003', '기타설명', '기타설명', 'Y', '2017-08-26 18:13:57', 'SYSTEM', '2017-08-26 18:13:57', 'SYSTEM'),
	('COM042', '%Y', '연도별', '연도별', 'Y', '2017-08-26 18:13:57', 'SYSTEM', '2017-08-26 18:13:57', 'SYSTEM'),
	('COM042', '%Y-%m', '월별', '월별', 'Y', '2017-08-26 18:13:57', 'SYSTEM', '2017-08-26 18:13:57', 'SYSTEM'),
	('COM042', '%Y-%m-%d', '일별', '일별', 'Y', '2017-08-26 18:13:57', 'SYSTEM', '2017-08-26 18:13:57', 'SYSTEM'),
	('COM043', '01', '생성', '생성', 'Y', '2017-08-26 18:13:57', 'SYSTEM', '2017-08-26 18:13:57', 'SYSTEM'),
	('COM043', '02', '변경', '변경', 'Y', '2017-08-26 18:13:57', 'SYSTEM', '2017-08-26 18:13:57', 'SYSTEM'),
	('COM043', '03', '말소', '말소', 'Y', '2017-08-26 18:13:57', 'SYSTEM', '2017-08-26 18:13:57', 'SYSTEM'),
	('COM044', '00', '수신처리', '수신처리', 'Y', '2017-08-26 18:13:57', 'SYSTEM', '2017-08-26 18:13:57', 'SYSTEM'),
	('COM044', '01', '처리완료', '처리완료', 'Y', '2017-08-26 18:13:57', 'SYSTEM', '2017-08-26 18:13:57', 'SYSTEM'),
	('COM044', '10', '기등록', '기등록', 'Y', '2017-08-26 18:13:57', 'SYSTEM', '2017-08-26 18:13:57', 'SYSTEM'),
	('COM044', '11', '생성오류', '생성오류', 'Y', '2017-08-26 18:13:57', 'SYSTEM', '2017-08-26 18:13:57', 'SYSTEM'),
	('COM044', '12', '변경오류', '변경오류', 'Y', '2017-08-26 18:13:57', 'SYSTEM', '2017-08-26 18:13:57', 'SYSTEM'),
	('COM044', '13', '말소오류', '말소오류', 'Y', '2017-08-26 18:13:57', 'SYSTEM', '2017-08-26 18:13:57', 'SYSTEM'),
	('COM046', '01', '정상', '정상', 'Y', '2017-08-26 18:13:57', 'SYSTEM', '2017-08-26 18:13:57', 'SYSTEM'),
	('COM046', '02', '비정상', '비정상', 'Y', '2017-08-26 18:13:57', 'SYSTEM', '2017-08-26 18:13:57', 'SYSTEM'),
	('COM047', '01', '매일', '매일', 'Y', '2017-08-26 18:13:57', 'SYSTEM', '2017-08-26 18:13:57', 'SYSTEM'),
	('COM047', '02', '매주', '매주', 'Y', '2017-08-26 18:13:57', 'SYSTEM', '2017-08-26 18:13:57', 'SYSTEM'),
	('COM047', '03', '매월', '매월', 'Y', '2017-08-26 18:13:57', 'SYSTEM', '2017-08-26 18:13:57', 'SYSTEM'),
	('COM047', '04', '매년', '매년', 'Y', '2017-08-26 18:13:57', 'SYSTEM', '2017-08-26 18:13:57', 'SYSTEM'),
	('COM047', '05', '한번만', '한번만', 'Y', '2017-08-26 18:13:57', 'SYSTEM', '2017-08-26 18:13:57', 'SYSTEM'),
	('COM048', '01', 'Oracle', 'Oracle', 'Y', '2017-08-26 18:13:57', 'SYSTEM', '2017-08-26 18:13:57', 'SYSTEM'),
	('COM048', '02', 'Mysql', 'Mysql', 'Y', '2017-08-26 18:13:57', 'SYSTEM', '2017-08-26 18:13:57', 'SYSTEM'),
	('COM048', '03', 'Tibero', 'Tibero', 'Y', '2017-08-26 18:13:57', 'SYSTEM', '2017-08-26 18:13:57', 'SYSTEM'),
	('COM048', '04', 'Altibase', 'Altibase', 'Y', '2017-08-26 18:13:57', 'SYSTEM', '2017-08-26 18:13:57', 'SYSTEM'),
	('COM049', '01', 'Tar', 'Tar', 'Y', '2017-08-26 18:13:57', 'SYSTEM', '2017-08-26 18:13:57', 'SYSTEM'),
	('COM049', '02', 'ZIP', 'ZIP', 'Y', '2017-08-26 18:13:57', 'SYSTEM', '2017-08-26 18:13:57', 'SYSTEM'),
	('COM050', '1', '수신', '수신', 'Y', '2017-08-26 18:13:57', 'SYSTEM', '2017-08-26 18:13:57', 'SYSTEM'),
	('COM050', '2', '참조', '참조', 'Y', '2017-08-26 18:13:57', 'SYSTEM', '2017-08-26 18:13:57', 'SYSTEM'),
	('COM051', '01', '신청중', '신청중', 'Y', '2017-08-26 18:13:57', 'SYSTEM', '2017-08-26 18:13:57', 'SYSTEM'),
	('COM051', '02', '승인', '승인', 'Y', '2017-08-26 18:13:57', 'SYSTEM', '2017-08-26 18:13:57', 'SYSTEM'),
	('COM051', '03', '반려', '반려', 'Y', '2017-08-26 18:13:57', 'SYSTEM', '2017-08-26 18:13:57', 'SYSTEM'),
	('COM052', '01', '양력', '양력', 'Y', '2017-08-26 18:13:57', 'SYSTEM', '2017-08-26 18:13:57', 'SYSTEM'),
	('COM052', '02', '음력', '음력', 'Y', '2017-08-26 18:13:57', 'SYSTEM', '2017-08-26 18:13:57', 'SYSTEM'),
	('COM053', '01', '교육', '교육', 'Y', '2017-08-26 18:13:57', 'SYSTEM', '2017-08-26 18:13:57', 'SYSTEM'),
	('COM053', '02', '세미나', '세미나', 'Y', '2017-08-26 18:13:57', 'SYSTEM', '2017-08-26 18:13:57', 'SYSTEM'),
	('COM053', '03', '홍보', '홍보', 'Y', '2017-08-26 18:13:57', 'SYSTEM', '2017-08-26 18:13:57', 'SYSTEM'),
	('COM053', '04', '단합', '단합', 'Y', '2017-08-26 18:13:57', 'SYSTEM', '2017-08-26 18:13:57', 'SYSTEM'),
	('COM053', '05', '간담회', '간담회', 'Y', '2017-08-26 18:13:58', 'SYSTEM', '2017-08-26 18:13:58', 'SYSTEM'),
	('COM053', '99', '기타', '기타', 'Y', '2017-08-26 18:13:58', 'SYSTEM', '2017-08-26 18:13:58', 'SYSTEM'),
	('COM054', '01', '결혼', '결혼', 'Y', '2017-08-26 18:13:58', 'SYSTEM', '2017-08-26 18:13:58', 'SYSTEM'),
	('COM054', '02', '출생', '출생', 'Y', '2017-08-26 18:13:58', 'SYSTEM', '2017-08-26 18:13:58', 'SYSTEM'),
	('COM054', '03', '회갑', '회갑', 'Y', '2017-08-26 18:13:58', 'SYSTEM', '2017-08-26 18:13:58', 'SYSTEM'),
	('COM054', '04', '사망', '사망', 'Y', '2017-08-26 18:13:58', 'SYSTEM', '2017-08-26 18:13:58', 'SYSTEM'),
	('COM054', '05', '출산', '출산', 'Y', '2017-08-26 18:13:58', 'SYSTEM', '2017-08-26 18:13:58', 'SYSTEM'),
	('COM054', '99', '기타', '기타', 'Y', '2017-08-26 18:13:58', 'SYSTEM', '2017-08-26 18:13:58', 'SYSTEM'),
	('COM055', '01', '우수사원', '우수사원', 'Y', '2017-08-26 18:13:58', 'SYSTEM', '2017-08-26 18:13:58', 'SYSTEM'),
	('COM055', '02', '우수팀', '우수팀', 'Y', '2017-08-26 18:13:58', 'SYSTEM', '2017-08-26 18:13:58', 'SYSTEM'),
	('COM055', '99', '기타', '기타', 'Y', '2017-08-26 18:13:58', 'SYSTEM', '2017-08-26 18:13:58', 'SYSTEM'),
	('COM056', '01', '연차휴가', '연차휴가', 'Y', '2017-08-26 18:13:58', 'SYSTEM', '2017-08-26 18:13:58', 'SYSTEM'),
	('COM056', '02', '반차휴가', '반차휴가', 'Y', '2017-08-26 18:13:58', 'SYSTEM', '2017-08-26 18:13:58', 'SYSTEM'),
	('COM056', '03', '무급휴가', '무급휴가', 'Y', '2017-08-26 18:13:58', 'SYSTEM', '2017-08-26 18:13:58', 'SYSTEM'),
	('COM056', '04', '유급휴가', '유급휴가', 'Y', '2017-08-26 18:13:58', 'SYSTEM', '2017-08-26 18:13:58', 'SYSTEM'),
	('COM056', '05', '대체휴가', '대체휴가', 'Y', '2017-08-26 18:13:58', 'SYSTEM', '2017-08-26 18:13:58', 'SYSTEM'),
	('COM056', '99', '기타', '기타', 'Y', '2017-08-26 18:13:58', 'SYSTEM', '2017-08-26 18:13:58', 'SYSTEM'),
	('COM057', '1', '회의', '회의', 'Y', '2017-08-26 18:13:58', 'SYSTEM', '2017-08-26 18:13:58', 'SYSTEM'),
	('COM057', '2', '방문', '방문', 'Y', '2017-08-26 18:13:58', 'SYSTEM', '2017-08-26 18:13:58', 'SYSTEM'),
	('COM057', '3', '세미나', '세미나', 'Y', '2017-08-26 18:13:58', 'SYSTEM', '2017-08-26 18:13:58', 'SYSTEM'),
	('COM057', '4', '기타', '기타', 'Y', '2017-08-26 18:13:58', 'SYSTEM', '2017-08-26 18:13:58', 'SYSTEM'),
	('COM058', '1', '반복없음', '당일', 'Y', '2017-08-26 18:13:58', 'SYSTEM', '2017-08-26 18:13:58', 'SYSTEM'),
	('COM058', '2', '매일', '매일', 'Y', '2017-08-26 18:13:58', 'SYSTEM', '2017-08-26 18:13:58', 'SYSTEM'),
	('COM058', '3', '매주', '매주', 'Y', '2017-08-26 18:13:58', 'SYSTEM', '2017-08-26 18:13:58', 'SYSTEM'),
	('COM058', '4', '매월', '매월', 'Y', '2017-08-26 18:13:58', 'SYSTEM', '2017-08-26 18:13:58', 'SYSTEM'),
	('COM059', '1', '높음', '높음', 'Y', '2017-08-26 18:13:58', 'SYSTEM', '2017-08-26 18:13:58', 'SYSTEM'),
	('COM059', '2', '보통', '보통', 'Y', '2017-08-26 18:13:58', 'SYSTEM', '2017-08-26 18:13:58', 'SYSTEM'),
	('COM059', '3', '낮음', '낮음', 'Y', '2017-08-26 18:13:58', 'SYSTEM', '2017-08-26 18:13:58', 'SYSTEM'),
	('COM060', '1', '주간보고', '주간보고', 'Y', '2017-08-26 18:13:58', 'SYSTEM', '2017-08-26 18:13:58', 'SYSTEM'),
	('COM060', '2', '월간보고', '월간보고', 'Y', '2017-08-26 18:13:58', 'SYSTEM', '2017-08-26 18:13:58', 'SYSTEM'),
	('COM061', '1', '재실', '재실', 'Y', '2017-08-26 18:13:58', 'SYSTEM', '2017-08-26 18:13:58', 'SYSTEM'),
	('COM061', '2', '자리비움', '자리비움', 'Y', '2017-08-26 18:13:58', 'SYSTEM', '2017-08-26 18:13:58', 'SYSTEM'),
	('COM061', '3', '회의중', '회의중', 'Y', '2017-08-26 18:13:58', 'SYSTEM', '2017-08-26 18:13:58', 'SYSTEM'),
	('COM061', '4', '출장중', '출장중', 'Y', '2017-08-26 18:13:58', 'SYSTEM', '2017-08-26 18:13:58', 'SYSTEM'),
	('COM061', '5', '휴가중', '휴가중', 'Y', '2017-08-26 18:13:58', 'SYSTEM', '2017-08-26 18:13:58', 'SYSTEM'),
	('COM062', '100', 'Continue ', 'Continue ', 'Y', '2017-08-26 18:13:58', 'SYSTEM', '2017-08-26 18:13:58', 'SYSTEM'),
	('COM062', '101', 'Switching Protocols ', 'Switching Protocols ', 'Y', '2017-08-26 18:13:58', 'SYSTEM', '2017-08-26 18:13:58', 'SYSTEM'),
	('COM062', '200', 'OK ', 'OK ', 'Y', '2017-08-26 18:13:58', 'SYSTEM', '2017-08-26 18:13:58', 'SYSTEM'),
	('COM062', '201', 'Created ', 'Created ', 'Y', '2017-08-26 18:13:58', 'SYSTEM', '2017-08-26 18:13:58', 'SYSTEM'),
	('COM062', '202', 'Accepted ', 'Accepted ', 'Y', '2017-08-26 18:13:58', 'SYSTEM', '2017-08-26 18:13:58', 'SYSTEM'),
	('COM062', '203', 'Non-Authoritative Information ', 'Non-Authoritative Information ', 'Y', '2017-08-26 18:13:58', 'SYSTEM', '2017-08-26 18:13:58', 'SYSTEM'),
	('COM062', '204', 'No Content ', 'No Content ', 'Y', '2017-08-26 18:13:58', 'SYSTEM', '2017-08-26 18:13:58', 'SYSTEM'),
	('COM062', '205', 'Reset Content ', 'Reset Content ', 'Y', '2017-08-26 18:13:58', 'SYSTEM', '2017-08-26 18:13:58', 'SYSTEM'),
	('COM062', '206', 'Partial Content ', 'Partial Content ', 'Y', '2017-08-26 18:13:59', 'SYSTEM', '2017-08-26 18:13:59', 'SYSTEM'),
	('COM062', '300', 'Multiple Choices ', 'Multiple Choices ', 'Y', '2017-08-26 18:13:59', 'SYSTEM', '2017-08-26 18:13:59', 'SYSTEM'),
	('COM062', '301', 'Moved Permanently ', 'Moved Permanently ', 'Y', '2017-08-26 18:13:59', 'SYSTEM', '2017-08-26 18:13:59', 'SYSTEM'),
	('COM062', '302', 'Found ', 'Found ', 'Y', '2017-08-26 18:13:59', 'SYSTEM', '2017-08-26 18:13:59', 'SYSTEM'),
	('COM062', '303', 'See Other ', 'See Other ', 'Y', '2017-08-26 18:13:59', 'SYSTEM', '2017-08-26 18:13:59', 'SYSTEM'),
	('COM062', '304', 'Not Modified ', 'Not Modified ', 'Y', '2017-08-26 18:13:59', 'SYSTEM', '2017-08-26 18:13:59', 'SYSTEM'),
	('COM062', '305', 'Use Proxy ', 'Use Proxy ', 'Y', '2017-08-26 18:13:59', 'SYSTEM', '2017-08-26 18:13:59', 'SYSTEM'),
	('COM062', '307', 'Temporary Redirect ', 'Temporary Redirect ', 'Y', '2017-08-26 18:13:59', 'SYSTEM', '2017-08-26 18:13:59', 'SYSTEM'),
	('COM062', '400', 'Bad Request ', 'Bad Request ', 'Y', '2017-08-26 18:13:59', 'SYSTEM', '2017-08-26 18:13:59', 'SYSTEM'),
	('COM062', '401', 'Unauthorized ', 'Unauthorized ', 'Y', '2017-08-26 18:13:59', 'SYSTEM', '2017-08-26 18:13:59', 'SYSTEM'),
	('COM062', '403', 'Forbidden ', 'Forbidden ', 'Y', '2017-08-26 18:13:59', 'SYSTEM', '2017-08-26 18:13:59', 'SYSTEM'),
	('COM062', '404', 'Not Found ', 'Not Found ', 'Y', '2017-08-26 18:13:59', 'SYSTEM', '2017-08-26 18:13:59', 'SYSTEM'),
	('COM062', '405', 'Method Not Allowed ', 'Method Not Allowed ', 'Y', '2017-08-26 18:13:59', 'SYSTEM', '2017-08-26 18:13:59', 'SYSTEM'),
	('COM062', '406', 'Not Acceptable ', 'Not Acceptable ', 'Y', '2017-08-26 18:13:59', 'SYSTEM', '2017-08-26 18:13:59', 'SYSTEM'),
	('COM062', '407', 'Proxy Authentication Required ', 'Proxy Authentication Required ', 'Y', '2017-08-26 18:13:59', 'SYSTEM', '2017-08-26 18:13:59', 'SYSTEM'),
	('COM062', '408', 'Request Timeout ', 'Request Timeout ', 'Y', '2017-08-26 18:13:59', 'SYSTEM', '2017-08-26 18:13:59', 'SYSTEM'),
	('COM062', '409', 'Conflict ', 'Conflict ', 'Y', '2017-08-26 18:13:59', 'SYSTEM', '2017-08-26 18:13:59', 'SYSTEM'),
	('COM062', '410', 'Gone ', 'Gone ', 'Y', '2017-08-26 18:13:59', 'SYSTEM', '2017-08-26 18:13:59', 'SYSTEM'),
	('COM062', '411', 'Length Required ', 'Length Required ', 'Y', '2017-08-26 18:13:59', 'SYSTEM', '2017-08-26 18:13:59', 'SYSTEM'),
	('COM062', '412', 'Precondition Failed ', 'Precondition Failed ', 'Y', '2017-08-26 18:13:59', 'SYSTEM', '2017-08-26 18:13:59', 'SYSTEM'),
	('COM062', '413', 'Request Entity Too Large ', 'Request Entity Too Large ', 'Y', '2017-08-26 18:13:59', 'SYSTEM', '2017-08-26 18:13:59', 'SYSTEM'),
	('COM062', '414', 'Request URI Too Long ', 'Request URI Too Long ', 'Y', '2017-08-26 18:13:59', 'SYSTEM', '2017-08-26 18:13:59', 'SYSTEM'),
	('COM062', '415', 'Unsupported Media Type ', 'Unsupported Media Type ', 'Y', '2017-08-26 18:13:59', 'SYSTEM', '2017-08-26 18:13:59', 'SYSTEM'),
	('COM062', '416', 'Requested Range Not Satisfiable ', 'Requested Range Not Satisfiable ', 'Y', '2017-08-26 18:13:59', 'SYSTEM', '2017-08-26 18:13:59', 'SYSTEM'),
	('COM062', '417', 'Expectation Failed ', 'Expectation Failed ', 'Y', '2017-08-26 18:13:59', 'SYSTEM', '2017-08-26 18:13:59', 'SYSTEM'),
	('COM062', '500', 'Internal Server Error ', 'Internal Server Error ', 'Y', '2017-08-26 18:13:59', 'SYSTEM', '2017-08-26 18:13:59', 'SYSTEM'),
	('COM062', '501', 'Not Implemented ', 'Not Implemented ', 'Y', '2017-08-26 18:13:59', 'SYSTEM', '2017-08-26 18:13:59', 'SYSTEM'),
	('COM062', '502', 'Bad Gateway ', 'Bad Gateway ', 'Y', '2017-08-26 18:13:59', 'SYSTEM', '2017-08-26 18:13:59', 'SYSTEM'),
	('COM062', '503', 'Service Unavailable ', 'Service Unavailable ', 'Y', '2017-08-26 18:13:59', 'SYSTEM', '2017-08-26 18:13:59', 'SYSTEM'),
	('COM062', '504', 'Gateway Timeout ', 'Gateway Timeout ', 'Y', '2017-08-26 18:13:59', 'SYSTEM', '2017-08-26 18:13:59', 'SYSTEM'),
	('COM062', '505', 'HTTP Version Not Supported ', 'HTTP Version Not Supported ', 'Y', '2017-08-26 18:13:59', 'SYSTEM', '2017-08-26 18:13:59', 'SYSTEM'),
	('COM063', '100', 'Runnable', 'Runnable', 'Y', '2017-08-26 18:13:59', 'SYSTEM', '2017-08-26 18:13:59', 'SYSTEM'),
	('COM063', '200', 'Sleeping', 'Sleeping', 'Y', '2017-08-26 18:13:59', 'SYSTEM', '2017-08-26 18:13:59', 'SYSTEM'),
	('COM063', '300', 'Swapped', 'Swapped', 'Y', '2017-08-26 18:13:59', 'SYSTEM', '2017-08-26 18:13:59', 'SYSTEM'),
	('COM063', '400', 'Zombie', 'Zombie', 'Y', '2017-08-26 18:13:59', 'SYSTEM', '2017-08-26 18:13:59', 'SYSTEM'),
	('COM063', '500', 'Stopped', 'Stopped', 'Y', '2017-08-26 18:13:59', 'SYSTEM', '2017-08-26 18:13:59', 'SYSTEM'),
	('COM064', '01', '웹 서버', '웹 서버', 'Y', '2017-08-26 18:13:59', 'SYSTEM', '2017-08-26 18:13:59', 'SYSTEM'),
	('COM064', '02', 'WAS', 'WAS', 'Y', '2017-08-26 18:13:59', 'SYSTEM', '2017-08-26 18:13:59', 'SYSTEM'),
	('COM064', '03', 'DB 서버', 'DB 서버', 'Y', '2017-08-26 18:13:59', 'SYSTEM', '2017-08-26 18:13:59', 'SYSTEM'),
	('COM064', '04', 'Mail 서버', 'Mail 서버', 'Y', '2017-08-26 18:13:59', 'SYSTEM', '2017-08-26 18:13:59', 'SYSTEM'),
	('COM064', '05', 'DNS 서버', 'DNS 서버', 'Y', '2017-08-26 18:13:59', 'SYSTEM', '2017-08-26 18:13:59', 'SYSTEM'),
	('COM064', '99', '기타 서버', '기타 서버', 'Y', '2017-08-26 18:13:59', 'SYSTEM', '2017-08-26 18:13:59', 'SYSTEM'),
	('COM065', '01', '네트워크 장애', '네트워크 장애', 'Y', '2017-08-26 18:13:59', 'SYSTEM', '2017-08-26 18:13:59', 'SYSTEM'),
	('COM065', '02', '하드웨어 장애', '하드웨어 장애', 'Y', '2017-08-26 18:13:59', 'SYSTEM', '2017-08-26 18:13:59', 'SYSTEM'),
	('COM065', '03', '어플리케이션 장애', '어플리케이션 장애', 'Y', '2017-08-26 18:13:59', 'SYSTEM', '2017-08-26 18:13:59', 'SYSTEM'),
	('COM065', '04', '서비스 장애', '서비스 장애', 'Y', '2017-08-26 18:13:59', 'SYSTEM', '2017-08-26 18:13:59', 'SYSTEM'),
	('COM065', '05', '모니터링 장애', '모니터링 장애', 'Y', '2017-08-26 18:13:59', 'SYSTEM', '2017-08-26 18:13:59', 'SYSTEM'),
	('COM065', '06', '정전', '정전', 'Y', '2017-08-26 18:13:59', 'SYSTEM', '2017-08-26 18:13:59', 'SYSTEM'),
	('COM065', '07', '화재', '화재', 'Y', '2017-08-26 18:13:59', 'SYSTEM', '2017-08-26 18:13:59', 'SYSTEM'),
	('COM065', '08', '홍수', '홍수', 'Y', '2017-08-26 18:13:59', 'SYSTEM', '2017-08-26 18:13:59', 'SYSTEM'),
	('COM065', '99', '기타 장애', '기타 장애', 'Y', '2017-08-26 18:13:59', 'SYSTEM', '2017-08-26 18:13:59', 'SYSTEM'),
	('COM066', '01', 'CPU', 'CPU', 'Y', '2017-08-26 18:14:00', 'SYSTEM', '2017-08-26 18:14:00', 'SYSTEM'),
	('COM066', '02', '메모리', '메모리', 'Y', '2017-08-26 18:14:00', 'SYSTEM', '2017-08-26 18:14:00', 'SYSTEM'),
	('COM067', '01', '서버', '서버', 'Y', '2017-08-26 18:14:00', 'SYSTEM', '2017-08-26 18:14:00', 'SYSTEM'),
	('COM067', '02', '라우터', '라우터', 'Y', '2017-08-26 18:14:00', 'SYSTEM', '2017-08-26 18:14:00', 'SYSTEM'),
	('COM067', '03', '스위치', '스위치', 'Y', '2017-08-26 18:14:00', 'SYSTEM', '2017-08-26 18:14:00', 'SYSTEM'),
	('COM067', '04', 'PC', 'PC', 'Y', '2017-08-26 18:14:00', 'SYSTEM', '2017-08-26 18:14:00', 'SYSTEM'),
	('COM067', '05', '프린터', '프린터', 'Y', '2017-08-26 18:14:00', 'SYSTEM', '2017-08-26 18:14:00', 'SYSTEM'),
	('COM067', '99', '기타', '기타', 'Y', '2017-08-26 18:14:00', 'SYSTEM', '2017-08-26 18:14:00', 'SYSTEM'),
	('COM068', 'A', '접수', '접수', 'Y', '2017-08-26 18:14:00', 'SYSTEM', '2017-08-26 18:14:00', 'SYSTEM'),
	('COM068', 'C', '완료', '완료', 'Y', '2017-08-26 18:14:00', 'SYSTEM', '2017-08-26 18:14:00', 'SYSTEM'),
	('COM068', 'R', '요청', '요청', 'Y', '2017-08-26 18:14:00', 'SYSTEM', '2017-08-26 18:14:00', 'SYSTEM'),
	('COM069', '01', '생일', '생일', 'Y', '2017-08-26 18:14:00', 'SYSTEM', '2017-08-26 18:14:00', 'SYSTEM'),
	('COM069', '02', '기념', '기념', 'N', '2017-08-26 18:14:00', 'SYSTEM', '2017-08-26 18:14:00', 'SYSTEM'),
	('COM069', '03', '결혼', '결혼', 'Y', '2017-08-26 18:14:00', 'SYSTEM', '2017-08-26 18:14:00', 'SYSTEM'),
	('COM069', '04', '탄생', '탄생', 'Y', '2017-08-26 18:14:00', 'SYSTEM', '2017-08-26 18:14:00', 'SYSTEM'),
	('COM069', '05', '축하', '축하', 'Y', '2017-08-26 18:14:00', 'SYSTEM', '2017-08-26 18:14:00', 'SYSTEM'),
	('COM069', '06', '출장', '출장', 'Y', '2017-08-26 18:14:00', 'SYSTEM', '2017-08-26 18:14:00', 'SYSTEM'),
	('COM069', '07', '퇴원', '퇴원', 'Y', '2017-08-26 18:14:00', 'SYSTEM', '2017-08-26 18:14:00', 'SYSTEM'),
	('COM069', '99', '기타', '기타', 'Y', '2017-08-26 18:14:00', 'SYSTEM', '2017-08-26 18:14:00', 'SYSTEM'),
	('COM070', '01', '본관1층', '본관1층', 'Y', '2017-08-26 18:14:00', 'SYSTEM', '2017-08-26 18:14:00', 'SYSTEM'),
	('COM070', '02', '본관2층', '본관2층', 'Y', '2017-08-26 18:14:00', 'SYSTEM', '2017-08-26 18:14:00', 'SYSTEM'),
	('COM070', '03', '본관3층', '본관3층', 'Y', '2017-08-26 18:14:00', 'SYSTEM', '2017-08-26 18:14:00', 'SYSTEM'),
	('COM070', '04', '본관4층', '본관4층', 'Y', '2017-08-26 18:14:00', 'SYSTEM', '2017-08-26 18:14:00', 'SYSTEM'),
	('COM070', '05', '본관5층', '본관5층', 'Y', '2017-08-26 18:14:00', 'SYSTEM', '2017-08-26 18:14:00', 'SYSTEM'),
	('COM070', '06', '별관1층', '별관1층', 'Y', '2017-08-26 18:14:00', 'SYSTEM', '2017-08-26 18:14:00', 'SYSTEM'),
	('COM070', '07', '별관2층', '별관2층', 'Y', '2017-08-26 18:14:00', 'SYSTEM', '2017-08-26 18:14:00', 'SYSTEM'),
	('COM070', '99', '기타', '기타', 'Y', '2017-08-26 18:14:00', 'SYSTEM', '2017-08-26 18:14:00', 'SYSTEM'),
	('COM071', '01', '전기시설', '전기시설', 'Y', '2017-08-26 18:14:00', 'SYSTEM', '2017-08-26 18:14:00', 'SYSTEM'),
	('COM071', '02', '소등상태', '소등상태', 'Y', '2017-08-26 18:14:00', 'SYSTEM', '2017-08-26 18:14:00', 'SYSTEM'),
	('COM071', '03', '방화요소', '방화요소', 'Y', '2017-08-26 18:14:00', 'SYSTEM', '2017-08-26 18:14:00', 'SYSTEM'),
	('COM071', '04', '소방시설', '소방시설', 'Y', '2017-08-26 18:14:00', 'SYSTEM', '2017-08-26 18:14:00', 'SYSTEM'),
	('COM071', '05', '비상 KEY', '비상 KEY', 'Y', '2017-08-26 18:14:00', 'SYSTEM', '2017-08-26 18:14:00', 'SYSTEM'),
	('COM071', '06', '시건장치', '시건장치', 'Y', '2017-08-26 18:14:00', 'SYSTEM', '2017-08-26 18:14:00', 'SYSTEM'),
	('COM071', '99', '기타', '기타', 'Y', '2017-08-26 18:14:00', 'SYSTEM', '2017-08-26 18:14:00', 'SYSTEM'),
	('COM072', '01', '정상', '정상', 'Y', '2017-08-26 18:14:00', 'SYSTEM', '2017-08-26 18:14:00', 'SYSTEM'),
	('COM072', '02', '오류', '오류', 'Y', '2017-08-26 18:14:00', 'SYSTEM', '2017-08-26 18:14:00', 'SYSTEM'),
	('COM072', '03', '중지', '중지', 'Y', '2017-08-26 18:14:00', 'SYSTEM', '2017-08-26 18:14:00', 'SYSTEM'),
	('COM072', '09', '기타', '기타', 'Y', '2017-08-26 18:14:00', 'SYSTEM', '2017-08-26 18:14:00', 'SYSTEM'),
	('COM073', '01', '본인', '본인', 'Y', '2017-08-26 18:14:00', 'SYSTEM', '2017-08-26 18:14:00', 'SYSTEM'),
	('COM073', '02', '배우자', '배우자', 'Y', '2017-08-26 18:14:00', 'SYSTEM', '2017-08-26 18:14:00', 'SYSTEM'),
	('COM073', '03', '자녀', '자녀', 'Y', '2017-08-26 18:14:00', 'SYSTEM', '2017-08-26 18:14:00', 'SYSTEM'),
	('COM073', '04', '부친', '부친', 'Y', '2017-08-26 18:14:00', 'SYSTEM', '2017-08-26 18:14:00', 'SYSTEM'),
	('COM073', '05', '모친', '모친', 'Y', '2017-08-26 18:14:00', 'SYSTEM', '2017-08-26 18:14:00', 'SYSTEM'),
	('COM073', '06', '배우자부친', '배우자부친', 'Y', '2017-08-26 18:14:00', 'SYSTEM', '2017-08-26 18:14:00', 'SYSTEM'),
	('COM073', '07', '배우자모친', '배우자모친', 'Y', '2017-08-26 18:14:01', 'SYSTEM', '2017-08-26 18:14:01', 'SYSTEM'),
	('COM073', '08', '조부', '조부', 'Y', '2017-08-26 18:14:01', 'SYSTEM', '2017-08-26 18:14:01', 'SYSTEM'),
	('COM073', '09', '조모', '조모', 'Y', '2017-08-26 18:14:01', 'SYSTEM', '2017-08-26 18:14:01', 'SYSTEM'),
	('COM073', '10', '형제자매(본인)', '형제자매(본인)', 'Y', '2017-08-26 18:14:01', 'SYSTEM', '2017-08-26 18:14:01', 'SYSTEM'),
	('COM073', '11', '외조부', '외조부', 'Y', '2017-08-26 18:14:01', 'SYSTEM', '2017-08-26 18:14:01', 'SYSTEM'),
	('COM073', '12', '외조모', '외조모', 'Y', '2017-08-26 18:14:01', 'SYSTEM', '2017-08-26 18:14:01', 'SYSTEM'),
	('COM073', '13', '백숙부', '백숙부', 'Y', '2017-08-26 18:14:01', 'SYSTEM', '2017-08-26 18:14:01', 'SYSTEM'),
	('COM073', '14', '백숙모', '백숙모', 'Y', '2017-08-26 18:14:01', 'SYSTEM', '2017-08-26 18:14:01', 'SYSTEM'),
	('COM073', '15', '형제자매(배우자)', '형제자매(배우자)', 'Y', '2017-08-26 18:14:01', 'SYSTEM', '2017-08-26 18:14:01', 'SYSTEM'),
	('COM073', '99', '기타', '기타', 'Y', '2017-08-26 18:14:01', 'SYSTEM', '2017-08-26 18:14:01', 'SYSTEM'),
	('COM074', '1', '일요일', '일요일', 'Y', '2017-08-26 18:14:01', 'SYSTEM', '2017-08-26 18:14:01', 'SYSTEM'),
	('COM074', '2', '월요일', '월요일', 'Y', '2017-08-26 18:14:01', 'SYSTEM', '2017-08-26 18:14:01', 'SYSTEM'),
	('COM074', '3', '화요일', '화요일', 'Y', '2017-08-26 18:14:01', 'SYSTEM', '2017-08-26 18:14:01', 'SYSTEM'),
	('COM074', '4', '수요일', '수요일', 'Y', '2017-08-26 18:14:01', 'SYSTEM', '2017-08-26 18:14:01', 'SYSTEM'),
	('COM074', '5', '목요일', '목요일', 'Y', '2017-08-26 18:14:01', 'SYSTEM', '2017-08-26 18:14:01', 'SYSTEM'),
	('COM074', '6', '금요일', '금요일', 'Y', '2017-08-26 18:14:01', 'SYSTEM', '2017-08-26 18:14:01', 'SYSTEM'),
	('COM074', '7', '토요일', '토요일', 'Y', '2017-08-26 18:14:01', 'SYSTEM', '2017-08-26 18:14:01', 'SYSTEM'),
	('COM075', '001', '경조신청', '경조신청', 'Y', '2017-08-26 18:14:01', 'SYSTEM', '2017-08-26 18:14:01', 'SYSTEM'),
	('COM075', '002', '포상신청', '포상신청', 'Y', '2017-08-26 18:14:01', 'SYSTEM', '2017-08-26 18:14:01', 'SYSTEM'),
	('COM075', '003', '휴가신청', '휴가신청', 'Y', '2017-08-26 18:14:01', 'SYSTEM', '2017-08-26 18:14:01', 'SYSTEM'),
	('COM075', '004', '행사신청', '행사신청', 'Y', '2017-08-26 18:14:01', 'SYSTEM', '2017-08-26 18:14:01', 'SYSTEM'),
	('COM076', '01', '정상', '정상', 'Y', '2017-08-26 18:14:01', 'SYSTEM', '2017-08-26 18:14:01', 'SYSTEM'),
	('COM076', '02', '비정상', '비정상', 'Y', '2017-08-26 18:14:01', 'SYSTEM', '2017-08-26 18:14:01', 'SYSTEM'),
	('COM076', '03', '수행중', '수행중', 'Y', '2017-08-26 18:14:01', 'SYSTEM', '2017-08-26 18:14:01', 'SYSTEM'),
	('COM101', 'BBST01', '통합게시판', '통합게시판', 'Y', '2017-08-26 18:14:01', 'SYSTEM', '2017-08-26 18:14:01', 'SYSTEM'),
	('COM101', 'BBST02', '블로그형게시판', '블로그형게시판', 'Y', '2017-08-26 18:14:01', 'SYSTEM', '2017-08-26 18:14:01', 'SYSTEM'),
	('COM101', 'BBST03', '방명록', '방명록', 'Y', '2017-08-26 18:14:01', 'SYSTEM', '2017-08-26 18:14:01', 'SYSTEM'),
	('COM102', '1', '표준어', '표준어', 'Y', '2017-08-26 18:14:01', 'SYSTEM', '2017-08-26 18:14:01', 'SYSTEM'),
	('COM102', '2', '동의어', '동의어', 'Y', '2017-08-26 18:14:01', 'SYSTEM', '2017-08-26 18:14:01', 'SYSTEM'),
	('CTA001', 'CAI001', '1-1. 민원행정 및 제도개선 계획수립의 적합성', '민원행정 및 제도개선 계획수립의 적합성', 'Y', '2017-09-10 17:04:11', 'SYSTEM', '2017-09-10 17:04:11', 'SYSTEM'),
	('CTA001', 'CAI002', '1-2. 기관장의 의지 및 관심도', '기관장의 의지 및 관심도', 'Y', '2017-09-10 17:04:11', 'SYSTEM', '2017-09-10 17:04:11', 'SYSTEM'),
	('CTA001', 'CAI003', '1-3. 민원 우수 인센티브 제공', '민원 우수 인센티브 제공', 'Y', '2017-09-10 17:04:11', 'SYSTEM', '2017-09-10 17:04:11', 'SYSTEM'),
	('CTA001', 'CAI004', '1-4. 민원행정 수행기반', '민원행정 수행기반', 'Y', '2017-09-10 17:04:11', 'SYSTEM', '2017-09-10 17:04:11', 'SYSTEM'),
	('CTA001', 'CAI005', '2-1. 민원정보 제공 및 민원법령 운영', '민원정보 제공 및 민원법령 운영', 'Y', '2017-09-10 17:04:11', 'SYSTEM', '2017-09-10 17:04:11', 'SYSTEM'),
	('CTA001', 'CAI006', '2-2. 민원처리상황 확인·점검', '민원처리상황 확인·점검', 'Y', '2017-09-10 17:04:11', 'SYSTEM', '2017-09-10 17:04:11', 'SYSTEM'),
	('CTA001', 'CAI007', '2-3. 민원행정 및 제도개선', '민원행정 및 제도개선', 'Y', '2017-09-10 17:04:11', 'SYSTEM', '2017-09-10 17:04:11', 'SYSTEM'),
	('CTA001', 'CAI008', '민원행정 활동 - 가점', '가점', 'Y', '2017-09-10 17:04:11', 'SYSTEM', '2017-09-10 17:04:11', 'SYSTEM'),
	('CTA001', 'CAI009', '민원행정 활동 - 감점', '감점', 'Y', '2017-09-10 17:04:11', 'SYSTEM', '2017-09-10 17:04:11', 'SYSTEM');
/*!40000 ALTER TABLE `comtccmmndetailcode` ENABLE KEYS */;

-- 테이블 ctas.comtecopseq 구조 내보내기
CREATE TABLE IF NOT EXISTS `comtecopseq` (
  `TABLE_NAME` varchar(20) NOT NULL,
  `NEXT_ID` decimal(30,0) DEFAULT NULL,
  PRIMARY KEY (`TABLE_NAME`),
  UNIQUE KEY `COMTECOPSEQ_PK` (`TABLE_NAME`)
) ENGINE=InnoDB DEFAULT CHARSET=utf8;

-- 테이블 데이터 ctas.comtecopseq:~116 rows (대략적) 내보내기
DELETE FROM `comtecopseq`;
/*!40000 ALTER TABLE `comtecopseq` DISABLE KEYS */;
INSERT INTO `comtecopseq` (`TABLE_NAME`, `NEXT_ID`) VALUES
	('ADBKUSER_ID', 1),
	('ADBK_ID', 1),
	('ADMINIST_WORD_ID', 1),
	('ADMIN_CODE_OPERT', 1),
	('ANN_ID', 1),
	('ANSWER_NO', 1),
	('BACKUP_OPERT_ID', 1),
	('BACKUP_RESULT_ID', 1),
	('BANNER_ID', 1),
	('BATCH_OPERT_ID', 1),
	('BATCH_RESULT_ID', 1),
	('BATCH_SCHDUL_ID', 1),
	('BBS_ID', 21),
	('CLB_ID', 1),
	('CMMNTY_ID', 1),
	('CNSLT_ID', 1),
	('CNTC_ID', 1),
	('CNTC_MESSAGE_ID', 1),
	('CNTNTS_ID', 1),
	('COMTECOPSEQ', 1),
	('CPYRHT_ID', 1),
	('CTSNN_ID', 1),
	('DAM_ID', 1),
	('DB_MNTRNG_LOG_ID', 1),
	('DEPT_JOB_BX_ID', 1),
	('DEPT_JOB_ID', 1),
	('DIARY_ID', 1),
	('DUS_ID', 1),
	('EVENTINFO_ID', 1),
	('EVENT_ID', 1),
	('EXTRLHRINFO_ID', 1),
	('FAQ_ID', 1),
	('FILESYS_LOGID', 1),
	('FILESYS_MNTRNG', 1),
	('FILE_ID', 51),
	('GROUP_ID', 11),
	('HPCM_ID', 1),
	('HTTL_ID', 1),
	('HTTP_ID', 1),
	('INDVDL_INFO_ID', 1),
	('INFRML_SANCTN', 1),
	('INSTT_CODE_OPERT', 1),
	('INSTT_ID', 1),
	('ISG_ID', 1),
	('ITEM_ID', 1),
	('KNO_ID', 1),
	('KNO_ID2', 1),
	('LEADER_SCHDUL_ID', 1),
	('LOGINLOG_ID', 1),
	('LSI_ID', 1),
	('MAILMSG_ID', 1),
	('MEMO_REPRT', 1),
	('MEMO_TODO_ID', 1),
	('MSI_ID', 1),
	('MTG_ID', 1),
	('MTG_PLACE_ID', 1),
	('NCRD_ID', 1),
	('NEWS_ID', 1),
	('NOTE_ID', 1),
	('NOTE_RECPTN_ID', 1),
	('NOTE_TRNSMIT_ID', 1),
	('NTT_ID', 11),
	('NTWRKSVC_LOGID', 1),
	('NTWRK_ID', 1),
	('ONLINE_MUL_ID', 1),
	('ORGNZT_ID', 11),
	('POLL_IEM_ID', 1),
	('POLL_MGR_ID', 1),
	('POLL_RUT_ID', 1),
	('POPUP_ID', 1),
	('PROC_ID', 1),
	('PROL_ID', 1),
	('PROXYLOG_ID', 1),
	('PROXYSVC_ID', 1),
	('QA_ID', 21),
	('QESITM_', 1),
	('QESRSPNS_ID', 1),
	('QESTNR_QESITM_ID', 1),
	('QESTNR_RPD_ID', 1),
	('QUSTNRQESTN_ID', 1),
	('QUSTNRTMPLA_ID', 1),
	('RECOMEND_SITE_ID', 1),
	('RESTDE_ID', 1),
	('RESVE_ID', 1),
	('ROLE_ID', 20),
	('ROUGHMAP_ID', 1),
	('RSS_ID', 1),
	('RS_ID', 1),
	('RWARD_ID', 1),
	('SCHDUL_ID', 1),
	('SCRAP_ID', 1),
	('SERVER_ID', 1),
	('SEVEQ_ID', 1),
	('SITE_ID', 1),
	('SMS_ID', 1),
	('SRCHWRD_ID', 1),
	('SRCHWRD_MANAGEID', 1),
	('SRCHWRD_MANAGE_I', 1),
	('STSFDG_NO', 1),
	('SVCRESMONTLOG_ID', 1),
	('SVC_ID', 1),
	('SYNCHRNSERVER_ID', 1),
	('SYSLOG_ID', 1),
	('SYS_ID', 1),
	('TEST1', 1),
	('TMPLAT_ID', 1),
	('TROBL_ID', 1),
	('TRSMRCVLOG_ID', 1),
	('TR_MNTRNG_LOG_ID', 1),
	('UNITY_LINK_ID', 1),
	('USE_STPLAT_ID', 3),
	('USRCNFRM_ID', 3),
	('WEBLOG_ID', 1),
	('WIKI_ID', 1),
	('WIKMNTHNG_REPRT', 1),
	('WORD_ID', 1);
/*!40000 ALTER TABLE `comtecopseq` ENABLE KEYS */;

-- 테이블 ctas.comthemaildsptchmanage 구조 내보내기
CREATE TABLE IF NOT EXISTS `comthemaildsptchmanage` (
  `MSSAGE_ID` varchar(20) NOT NULL,
  `EMAIL_CN` mediumtext,
  `SNDR` varchar(50) NOT NULL,
  `RCVER` varchar(50) NOT NULL,
  `SJ` varchar(60) NOT NULL,
  `SNDNG_RESULT_CODE` char(1) DEFAULT NULL,
  `DSPTCH_DT` char(20) NOT NULL,
  `ATCH_FILE_ID` char(20) DEFAULT NULL,
  PRIMARY KEY (`MSSAGE_ID`),
  UNIQUE KEY `COMTHEMAILDSPTCHMANAGE_PK` (`MSSAGE_ID`),
  KEY `COMTHEMAILDSPTCHMANAGE_i01` (`SNDR`),
  KEY `COMTHEMAILDSPTCHMANAGE_i02` (`ATCH_FILE_ID`),
  CONSTRAINT `comthemaildsptchmanage_ibfk_1` FOREIGN KEY (`ATCH_FILE_ID`) REFERENCES `comtnfile` (`ATCH_FILE_ID`)
) ENGINE=InnoDB DEFAULT CHARSET=utf8;

-- 테이블 데이터 ctas.comthemaildsptchmanage:~0 rows (대략적) 내보내기
DELETE FROM `comthemaildsptchmanage`;
/*!40000 ALTER TABLE `comthemaildsptchmanage` DISABLE KEYS */;
/*!40000 ALTER TABLE `comthemaildsptchmanage` ENABLE KEYS */;

-- 테이블 ctas.comthemplyrinfochangedtls 구조 내보내기
CREATE TABLE IF NOT EXISTS `comthemplyrinfochangedtls` (
  `EMPLYR_ID` varchar(20) NOT NULL,
  `CHANGE_DE` char(20) NOT NULL,
  `ORGNZT_ID` char(20) DEFAULT NULL,
  `GROUP_ID` char(20) DEFAULT NULL,
  `EMPL_NO` varchar(20) DEFAULT NULL,
  `SEXDSTN_CODE` char(1) DEFAULT NULL,
  `BRTHDY` char(20) DEFAULT NULL,
  `FXNUM` varchar(20) DEFAULT NULL,
  `HOUSE_ADRES` varchar(100) DEFAULT NULL,
  `HOUSE_END_TELNO` varchar(4) DEFAULT NULL,
  `AREA_NO` varchar(4) DEFAULT NULL,
  `DETAIL_ADRES` varchar(100) DEFAULT NULL,
  `ZIP` varchar(6) DEFAULT NULL,
  `OFFM_TELNO` varchar(20) DEFAULT NULL,
  `MBTLNUM` varchar(20) DEFAULT NULL,
  `EMAIL_ADRES` varchar(50) DEFAULT NULL,
  `HOUSE_MIDDLE_TELNO` varchar(4) DEFAULT NULL,
  `PSTINST_CODE` char(8) DEFAULT NULL,
  `EMPLYR_STTUS_CODE` char(1) DEFAULT NULL,
  `ESNTL_ID` char(20) DEFAULT NULL,
  PRIMARY KEY (`EMPLYR_ID`,`CHANGE_DE`),
  UNIQUE KEY `COMTHEMPLYRINFOCHANGEDTLS_PK` (`EMPLYR_ID`,`CHANGE_DE`),
  KEY `COMTHEMPLYRINFOCHANGEDTLS_i01` (`EMPLYR_ID`),
  CONSTRAINT `comthemplyrinfochangedtls_ibfk_1` FOREIGN KEY (`EMPLYR_ID`) REFERENCES `comtnemplyrinfo` (`EMPLYR_ID`)
) ENGINE=InnoDB DEFAULT CHARSET=utf8;

-- 테이블 데이터 ctas.comthemplyrinfochangedtls:~6 rows (대략적) 내보내기
DELETE FROM `comthemplyrinfochangedtls`;
/*!40000 ALTER TABLE `comthemplyrinfochangedtls` DISABLE KEYS */;
INSERT INTO `comthemplyrinfochangedtls` (`EMPLYR_ID`, `CHANGE_DE`, `ORGNZT_ID`, `GROUP_ID`, `EMPL_NO`, `SEXDSTN_CODE`, `BRTHDY`, `FXNUM`, `HOUSE_ADRES`, `HOUSE_END_TELNO`, `AREA_NO`, `DETAIL_ADRES`, `ZIP`, `OFFM_TELNO`, `MBTLNUM`, `EMAIL_ADRES`, `HOUSE_MIDDLE_TELNO`, `PSTINST_CODE`, `EMPLYR_STTUS_CODE`, `ESNTL_ID`) VALUES
	('0001', '2017-09-07 23:54:44', 'ORGNZT_0000000000175', 'GROUP_00000000000001', 'A', 'A', 'A', 'A', 'A', 'A', 'A', 'A', 'A', 'A', 'A', 'A', 'A', 'A', 'A', 'A0001'),
	('0002', '2017-09-07 23:55:41', 'ORGNZT_0000000000300', 'GROUP_00000000000001', 'A', 'A', 'A', 'A', 'A', 'A', 'A', 'A', 'A', 'A', 'A', 'A', 'A', 'A', 'A', 'A0002'),
	('0003', '2017-09-08 13:25:54', 'ORGNZT_0000000000300', 'GROUP_00000000000001', 'A', 'A', 'A', 'A', 'A', 'A', 'A', 'A', 'A', 'A', 'A', 'A', 'A', 'A', 'A', 'A0003'),
	('0004', '2017-09-10 16:06:38', 'ORGNZT_0000000000138', 'GROUP_00000000000001', 'A', 'A', 'A', 'A', 'A', 'A', 'A', 'A', 'A', 'A', 'A', 'A', 'A', 'A', 'A', 'A0004'),
	('0005', '2017-09-10 16:07:26', 'ORGNZT_0000000000300', 'GROUP_00000000000001', 'A', 'A', 'A', 'A', 'A', 'A', 'A', 'A', 'A', 'A', 'A', 'A', 'A', 'A', 'A', 'A0005'),
	('webmaster', '2017-08-27 17:27:21', 'ORGNZT_0000000000000', 'GROUP_00000000000000', '20112060', 'F', '20111130', '1566-2059', '서울특별시 중구 청계천로 14 - 0 한국정보사회진흥원', '2059', '02', '전자정부표준프레임워크센터', '100775', '1566-2059', '1566-2059', 'egovframesupport@gmail.com', '1566', '00000001', 'P', 'USRCNFRM_99999999999');
/*!40000 ALTER TABLE `comthemplyrinfochangedtls` ENABLE KEYS */;

-- 테이블 ctas.comtnadbk 구조 내보내기
CREATE TABLE IF NOT EXISTS `comtnadbk` (
  `EMPLYR_ID` varchar(20) DEFAULT NULL,
  `NCRD_ID` char(20) DEFAULT NULL,
  `FRST_REGIST_PNTTM` datetime DEFAULT NULL,
  `LAST_UPDT_PNTTM` datetime DEFAULT NULL,
  `FRST_REGISTER_ID` varchar(20) DEFAULT NULL,
  `LAST_UPDUSR_ID` varchar(20) DEFAULT NULL,
  `ADBK_CONSTNT_ID` char(20) NOT NULL,
  `NM` varchar(50) DEFAULT NULL,
  `EMAIL_ADRES` varchar(50) DEFAULT NULL,
  `MBTLNUM` varchar(20) DEFAULT NULL,
  `FXNUM` varchar(20) DEFAULT NULL,
  `OFFM_TELNO` varchar(20) DEFAULT NULL,
  `HOUSE_TELNO` varchar(20) DEFAULT NULL,
  `ADBK_ID` char(20) NOT NULL,
  PRIMARY KEY (`ADBK_CONSTNT_ID`,`ADBK_ID`),
  UNIQUE KEY `COMTNADBK_PK` (`ADBK_CONSTNT_ID`,`ADBK_ID`),
  KEY `COMTNADBK_i01` (`ADBK_ID`),
  CONSTRAINT `comtnadbk_ibfk_1` FOREIGN KEY (`ADBK_ID`) REFERENCES `comtnadbkmanage` (`ADBK_ID`) ON DELETE CASCADE
) ENGINE=InnoDB DEFAULT CHARSET=utf8;

-- 테이블 데이터 ctas.comtnadbk:~0 rows (대략적) 내보내기
DELETE FROM `comtnadbk`;
/*!40000 ALTER TABLE `comtnadbk` DISABLE KEYS */;
/*!40000 ALTER TABLE `comtnadbk` ENABLE KEYS */;

-- 테이블 ctas.comtnadbkmanage 구조 내보내기
CREATE TABLE IF NOT EXISTS `comtnadbkmanage` (
  `ADBK_ID` char(20) NOT NULL,
  `ADBK_NM` varchar(50) NOT NULL,
  `OTHBC_SCOPE` varchar(20) NOT NULL,
  `USE_AT` char(1) NOT NULL,
  `WRTER_ID` varchar(20) DEFAULT NULL,
  `TRGET_ORGNZT_ID` char(20) DEFAULT NULL,
  `FRST_REGIST_PNTTM` datetime NOT NULL,
  `LAST_UPDT_PNTTM` datetime DEFAULT NULL,
  `FRST_REGISTER_ID` varchar(20) NOT NULL,
  `LAST_UPDUSR_ID` varchar(20) DEFAULT NULL,
  PRIMARY KEY (`ADBK_ID`),
  UNIQUE KEY `COMTNADBKMANAGE_PK` (`ADBK_ID`)
) ENGINE=InnoDB DEFAULT CHARSET=utf8;

-- 테이블 데이터 ctas.comtnadbkmanage:~0 rows (대략적) 내보내기
DELETE FROM `comtnadbkmanage`;
/*!40000 ALTER TABLE `comtnadbkmanage` DISABLE KEYS */;
/*!40000 ALTER TABLE `comtnadbkmanage` ENABLE KEYS */;

-- 테이블 ctas.comtnadministrationword 구조 내보내기
CREATE TABLE IF NOT EXISTS `comtnadministrationword` (
  `ADMINIST_WORD_ID` char(20) NOT NULL,
  `ADMINIST_WORD_NM` varchar(255) DEFAULT NULL,
  `ADMINIST_WORD_ENG_NM` varchar(255) DEFAULT NULL,
  `ADMINIST_WORD_ABRV_NM` varchar(255) DEFAULT NULL,
  `THEMA_RELM` varchar(255) DEFAULT NULL,
  `WORD_SE` varchar(255) DEFAULT NULL,
  `RELATE_STD_WORD` varchar(255) DEFAULT NULL,
  `ADMINIST_WORD_DFN` varchar(2500) DEFAULT NULL,
  `ADMINIST_WORD_DC` varchar(4000) DEFAULT NULL,
  `FRST_REGISTER_ID` varchar(20) DEFAULT NULL,
  `FRST_REGIST_PNTTM` datetime DEFAULT NULL,
  `LAST_UPDUSR_ID` varchar(20) DEFAULT NULL,
  `LAST_UPDT_PNTTM` datetime DEFAULT NULL,
  PRIMARY KEY (`ADMINIST_WORD_ID`),
  UNIQUE KEY `COMTNADMINISTRATIONWORD_PK` (`ADMINIST_WORD_ID`)
) ENGINE=InnoDB DEFAULT CHARSET=utf8;

-- 테이블 데이터 ctas.comtnadministrationword:~0 rows (대략적) 내보내기
DELETE FROM `comtnadministrationword`;
/*!40000 ALTER TABLE `comtnadministrationword` DISABLE KEYS */;
/*!40000 ALTER TABLE `comtnadministrationword` ENABLE KEYS */;

-- 테이블 ctas.comtnauthorgroupinfo 구조 내보내기
CREATE TABLE IF NOT EXISTS `comtnauthorgroupinfo` (
  `GROUP_ID` char(20) NOT NULL,
  `GROUP_NM` varchar(60) NOT NULL,
  `GROUP_CREAT_DE` char(20) NOT NULL,
  `GROUP_DC` varchar(100) DEFAULT NULL,
  PRIMARY KEY (`GROUP_ID`),
  UNIQUE KEY `COMTNAUTHORGROUPINFO_PK` (`GROUP_ID`)
) ENGINE=InnoDB DEFAULT CHARSET=utf8;

-- 테이블 데이터 ctas.comtnauthorgroupinfo:~3 rows (대략적) 내보내기
DELETE FROM `comtnauthorgroupinfo`;
/*!40000 ALTER TABLE `comtnauthorgroupinfo` DISABLE KEYS */;
INSERT INTO `comtnauthorgroupinfo` (`GROUP_ID`, `GROUP_NM`, `GROUP_CREAT_DE`, `GROUP_DC`) VALUES
	('GROUP_00000000000001', '기관 담당자', '2017-08-27 17:52:59', '기관 담당자'),
	('GROUP_00000000000002', '평가위원', '2017-08-27 17:53:12', '평가위원'),
	('GROUP_00000000000003', '관리자', '2017-08-27 17:53:28', '관리자');
/*!40000 ALTER TABLE `comtnauthorgroupinfo` ENABLE KEYS */;

-- 테이블 ctas.comtnauthorinfo 구조 내보내기
CREATE TABLE IF NOT EXISTS `comtnauthorinfo` (
  `AUTHOR_CODE` varchar(30) NOT NULL,
  `AUTHOR_NM` varchar(60) NOT NULL,
  `AUTHOR_DC` varchar(200) DEFAULT NULL,
  `AUTHOR_CREAT_DE` char(20) NOT NULL,
  PRIMARY KEY (`AUTHOR_CODE`),
  UNIQUE KEY `COMTNAUTHORINFO_PK` (`AUTHOR_CODE`)
) ENGINE=InnoDB DEFAULT CHARSET=utf8;

-- 테이블 데이터 ctas.comtnauthorinfo:~6 rows (대략적) 내보내기
DELETE FROM `comtnauthorinfo`;
/*!40000 ALTER TABLE `comtnauthorinfo` DISABLE KEYS */;
INSERT INTO `comtnauthorinfo` (`AUTHOR_CODE`, `AUTHOR_NM`, `AUTHOR_DC`, `AUTHOR_CREAT_DE`) VALUES
	('IS_AUTHENTICATED_ANONYMOUSLY', '스프링시큐리티 내부사용(롤부여 금지)', '', '2017-08-26 18:14:01'),
	('IS_AUTHENTICATED_FULLY', '스프링시큐리티 내부사용(롤부여 금지)', '', '2017-08-26 18:14:01'),
	('IS_AUTHENTICATED_REMEMBERED', '스프링시큐리티 내부사용(롤부여 금지)', '', '2017-08-26 18:14:01'),
	('ROLE_ADMIN', '관리자', '', '2017-08-26 18:14:02'),
	('ROLE_ANONYMOUS', '익명 사용자', '', '2017-08-26 18:14:01'),
	('ROLE_USER', '일반 사용자', '', '2017-08-26 18:14:01');
/*!40000 ALTER TABLE `comtnauthorinfo` ENABLE KEYS */;

-- 테이블 ctas.comtnauthorrolerelate 구조 내보내기
CREATE TABLE IF NOT EXISTS `comtnauthorrolerelate` (
  `AUTHOR_CODE` varchar(30) NOT NULL,
  `ROLE_CODE` varchar(50) NOT NULL,
  `CREAT_DT` datetime DEFAULT NULL,
  PRIMARY KEY (`AUTHOR_CODE`,`ROLE_CODE`),
  UNIQUE KEY `COMTNAUTHORROLERELATE_PK` (`AUTHOR_CODE`,`ROLE_CODE`),
  KEY `COMTNAUTHORROLERELATE_i01` (`AUTHOR_CODE`),
  KEY `COMTNAUTHORROLERELATE_i02` (`ROLE_CODE`),
  CONSTRAINT `comtnauthorrolerelate_ibfk_1` FOREIGN KEY (`AUTHOR_CODE`) REFERENCES `comtnauthorinfo` (`AUTHOR_CODE`) ON DELETE CASCADE,
  CONSTRAINT `comtnauthorrolerelate_ibfk_2` FOREIGN KEY (`ROLE_CODE`) REFERENCES `comtnroleinfo` (`ROLE_CODE`) ON DELETE CASCADE
) ENGINE=InnoDB DEFAULT CHARSET=utf8;

-- 테이블 데이터 ctas.comtnauthorrolerelate:~11 rows (대략적) 내보내기
DELETE FROM `comtnauthorrolerelate`;
/*!40000 ALTER TABLE `comtnauthorrolerelate` DISABLE KEYS */;
INSERT INTO `comtnauthorrolerelate` (`AUTHOR_CODE`, `ROLE_CODE`, `CREAT_DT`) VALUES
	('ROLE_ANONYMOUS', 'web-000001', '2017-08-26 18:14:02'),
	('ROLE_ANONYMOUS', 'web-000002', '2017-08-26 18:14:02'),
	('ROLE_ANONYMOUS', 'web-000004', '2017-08-26 18:14:02'),
	('ROLE_ANONYMOUS', 'web-000005', '2017-08-26 18:14:02'),
	('ROLE_ANONYMOUS', 'web-000006', '2017-08-26 18:14:02'),
	('ROLE_ANONYMOUS', 'web-000007', '2017-08-26 18:14:02'),
	('ROLE_ANONYMOUS', 'web-000008', '2017-08-26 18:14:02'),
	('ROLE_ANONYMOUS', 'web-000009', '2017-08-26 18:14:02'),
	('ROLE_ANONYMOUS', 'web-000010', '2017-08-26 18:14:02'),
	('ROLE_ANONYMOUS', 'web-000011', '2017-08-26 18:14:02'),
	('ROLE_USER', 'web-000003', '2017-08-26 18:14:02');
/*!40000 ALTER TABLE `comtnauthorrolerelate` ENABLE KEYS */;

-- 테이블 ctas.comtnbbs 구조 내보내기
CREATE TABLE IF NOT EXISTS `comtnbbs` (
  `NTT_ID` decimal(20,0) NOT NULL,
  `BBS_ID` char(20) NOT NULL,
  `NTT_NO` decimal(20,0) DEFAULT NULL,
  `NTT_SJ` varchar(2000) DEFAULT NULL,
  `NTT_CN` mediumtext,
  `ANSWER_AT` char(1) DEFAULT NULL,
  `PARNTSCTT_NO` decimal(10,0) DEFAULT NULL,
  `ANSWER_LC` decimal(8,0) DEFAULT NULL,
  `SORT_ORDR` decimal(8,0) DEFAULT NULL,
  `RDCNT` decimal(10,0) DEFAULT NULL,
  `USE_AT` char(1) NOT NULL,
  `NTCE_BGNDE` char(20) DEFAULT NULL,
  `NTCE_ENDDE` char(20) DEFAULT NULL,
  `NTCR_ID` varchar(20) DEFAULT NULL,
  `NTCR_NM` varchar(20) DEFAULT NULL,
  `PASSWORD` varchar(200) DEFAULT NULL,
  `ATCH_FILE_ID` char(20) DEFAULT NULL,
  `NOTICE_AT` char(1) DEFAULT NULL,
  `SJ_BOLD_AT` char(1) DEFAULT NULL,
  `SECRET_AT` char(1) DEFAULT NULL,
  `FRST_REGIST_PNTTM` datetime NOT NULL,
  `FRST_REGISTER_ID` varchar(20) NOT NULL,
  `LAST_UPDT_PNTTM` datetime DEFAULT NULL,
  `LAST_UPDUSR_ID` varchar(20) DEFAULT NULL,
  PRIMARY KEY (`NTT_ID`,`BBS_ID`),
  UNIQUE KEY `COMTNBBS_PK` (`NTT_ID`,`BBS_ID`),
  KEY `COMTNBBS_i01` (`BBS_ID`),
  CONSTRAINT `comtnbbs_ibfk_1` FOREIGN KEY (`BBS_ID`) REFERENCES `comtnbbsmaster` (`BBS_ID`)
) ENGINE=InnoDB DEFAULT CHARSET=utf8;

-- 테이블 데이터 ctas.comtnbbs:~0 rows (대략적) 내보내기
DELETE FROM `comtnbbs`;
/*!40000 ALTER TABLE `comtnbbs` DISABLE KEYS */;
INSERT INTO `comtnbbs` (`NTT_ID`, `BBS_ID`, `NTT_NO`, `NTT_SJ`, `NTT_CN`, `ANSWER_AT`, `PARNTSCTT_NO`, `ANSWER_LC`, `SORT_ORDR`, `RDCNT`, `USE_AT`, `NTCE_BGNDE`, `NTCE_ENDDE`, `NTCR_ID`, `NTCR_NM`, `PASSWORD`, `ATCH_FILE_ID`, `NOTICE_AT`, `SJ_BOLD_AT`, `SECRET_AT`, `FRST_REGIST_PNTTM`, `FRST_REGISTER_ID`, `LAST_UPDT_PNTTM`, `LAST_UPDUSR_ID`) VALUES
	(1, 'BBSMSTR_000000000001', 1, '민원서비스 종합평가시스템 구축 진행중입니다.', '<p>민원서비스 종합평가시스템 구축 진행중입니다.</p>', 'N', 0, 0, 1, 11, 'Y', '1900-01-01', '9999-12-31', 'webmaster', '웹마스터', '', 'FILE_000000000000001', 'Y', 'Y', NULL, '2017-08-27 17:55:22', 'USRCNFRM_99999999999', '2017-09-10 19:02:33', 'USRCNFRM_99999999999');
/*!40000 ALTER TABLE `comtnbbs` ENABLE KEYS */;

-- 테이블 ctas.comtnbbsmaster 구조 내보내기
CREATE TABLE IF NOT EXISTS `comtnbbsmaster` (
  `BBS_ID` char(20) NOT NULL,
  `BBS_NM` varchar(255) NOT NULL,
  `BBS_INTRCN` varchar(2400) DEFAULT NULL,
  `BBS_TY_CODE` char(6) NOT NULL,
  `REPLY_POSBL_AT` char(1) DEFAULT NULL,
  `FILE_ATCH_POSBL_AT` char(1) NOT NULL,
  `ATCH_POSBL_FILE_NUMBER` decimal(2,0) NOT NULL,
  `ATCH_POSBL_FILE_SIZE` decimal(8,0) DEFAULT NULL,
  `USE_AT` char(1) NOT NULL,
  `TMPLAT_ID` char(20) DEFAULT NULL,
  `CMMNTY_ID` char(20) DEFAULT NULL,
  `FRST_REGISTER_ID` varchar(20) NOT NULL,
  `FRST_REGIST_PNTTM` datetime NOT NULL,
  `LAST_UPDUSR_ID` varchar(20) DEFAULT NULL,
  `LAST_UPDT_PNTTM` datetime DEFAULT NULL,
  PRIMARY KEY (`BBS_ID`),
  UNIQUE KEY `COMTNBBSMASTER_PK` (`BBS_ID`)
) ENGINE=InnoDB DEFAULT CHARSET=utf8;

-- 테이블 데이터 ctas.comtnbbsmaster:~1 rows (대략적) 내보내기
DELETE FROM `comtnbbsmaster`;
/*!40000 ALTER TABLE `comtnbbsmaster` DISABLE KEYS */;
INSERT INTO `comtnbbsmaster` (`BBS_ID`, `BBS_NM`, `BBS_INTRCN`, `BBS_TY_CODE`, `REPLY_POSBL_AT`, `FILE_ATCH_POSBL_AT`, `ATCH_POSBL_FILE_NUMBER`, `ATCH_POSBL_FILE_SIZE`, `USE_AT`, `TMPLAT_ID`, `CMMNTY_ID`, `FRST_REGISTER_ID`, `FRST_REGIST_PNTTM`, `LAST_UPDUSR_ID`, `LAST_UPDT_PNTTM`) VALUES
	('BBSMSTR_000000000001', '공지사항', '공지사항', 'BBST01', 'N', 'Y', 3, NULL, 'Y', '', '', 'USRCNFRM_99999999999', '2017-08-27 17:29:23', NULL, NULL),
	('BBSMSTR_000000000011', '자료실', '자료실', 'BBST02', 'Y', 'Y', 3, NULL, 'Y', '', '', 'USRCNFRM_99999999999', '2017-09-07 22:46:50', NULL, NULL);
/*!40000 ALTER TABLE `comtnbbsmaster` ENABLE KEYS */;

-- 테이블 ctas.comtnbbsuse 구조 내보내기
CREATE TABLE IF NOT EXISTS `comtnbbsuse` (
  `BBS_ID` char(20) NOT NULL,
  `TRGET_ID` char(20) NOT NULL,
  `USE_AT` char(1) NOT NULL,
  `REGIST_SE_CODE` char(6) DEFAULT NULL,
  `FRST_REGIST_PNTTM` datetime DEFAULT NULL,
  `FRST_REGISTER_ID` varchar(20) NOT NULL,
  `LAST_UPDT_PNTTM` datetime DEFAULT NULL,
  `LAST_UPDUSR_ID` varchar(20) DEFAULT NULL,
  PRIMARY KEY (`BBS_ID`,`TRGET_ID`),
  UNIQUE KEY `COMTNBBSUSE_PK` (`BBS_ID`,`TRGET_ID`),
  KEY `COMTNBBSUSE_i01` (`BBS_ID`),
  CONSTRAINT `comtnbbsuse_ibfk_1` FOREIGN KEY (`BBS_ID`) REFERENCES `comtnbbsmaster` (`BBS_ID`)
) ENGINE=InnoDB DEFAULT CHARSET=utf8;

-- 테이블 데이터 ctas.comtnbbsuse:~0 rows (대략적) 내보내기
DELETE FROM `comtnbbsuse`;
/*!40000 ALTER TABLE `comtnbbsuse` DISABLE KEYS */;
/*!40000 ALTER TABLE `comtnbbsuse` ENABLE KEYS */;

-- 테이블 ctas.comtncmmnty 구조 내보내기
CREATE TABLE IF NOT EXISTS `comtncmmnty` (
  `CMMNTY_ID` char(20) NOT NULL,
  `CMMNTY_NM` varchar(255) NOT NULL,
  `CMMNTY_INTRCN` varchar(2400) DEFAULT NULL,
  `USE_AT` char(1) NOT NULL,
  `REGIST_SE_CODE` char(6) DEFAULT NULL,
  `TMPLAT_ID` char(20) DEFAULT NULL,
  `FRST_REGIST_PNTTM` datetime NOT NULL,
  `FRST_REGISTER_ID` varchar(20) NOT NULL,
  `LAST_UPDT_PNTTM` datetime DEFAULT NULL,
  `LAST_UPDUSR_ID` varchar(20) DEFAULT NULL,
  PRIMARY KEY (`CMMNTY_ID`),
  UNIQUE KEY `COMTNCMMNTY_PK` (`CMMNTY_ID`)
) ENGINE=InnoDB DEFAULT CHARSET=utf8;

-- 테이블 데이터 ctas.comtncmmnty:~0 rows (대략적) 내보내기
DELETE FROM `comtncmmnty`;
/*!40000 ALTER TABLE `comtncmmnty` DISABLE KEYS */;
/*!40000 ALTER TABLE `comtncmmnty` ENABLE KEYS */;

-- 테이블 ctas.comtncmmntyuser 구조 내보내기
CREATE TABLE IF NOT EXISTS `comtncmmntyuser` (
  `CMMNTY_ID` char(20) NOT NULL,
  `EMPLYR_ID` varchar(20) NOT NULL,
  `MNGR_AT` char(1) NOT NULL,
  `MBER_STTUS` varchar(15) DEFAULT NULL,
  `SBSCRB_DE` datetime DEFAULT NULL,
  `SECSN_DE` char(20) DEFAULT NULL,
  `USE_AT` char(1) DEFAULT NULL,
  `FRST_REGIST_PNTTM` datetime NOT NULL,
  `FRST_REGISTER_ID` varchar(20) NOT NULL,
  `LAST_UPDT_PNTTM` datetime DEFAULT NULL,
  `LAST_UPDUSR_ID` varchar(20) DEFAULT NULL,
  PRIMARY KEY (`CMMNTY_ID`,`EMPLYR_ID`),
  UNIQUE KEY `COMTNCMMNTYUSER_PK` (`CMMNTY_ID`,`EMPLYR_ID`),
  KEY `COMTNCMMNTYUSER_i01` (`CMMNTY_ID`),
  CONSTRAINT `comtncmmntyuser_ibfk_1` FOREIGN KEY (`CMMNTY_ID`) REFERENCES `comtncmmnty` (`CMMNTY_ID`)
) ENGINE=InnoDB DEFAULT CHARSET=utf8;

-- 테이블 데이터 ctas.comtncmmntyuser:~0 rows (대략적) 내보내기
DELETE FROM `comtncmmntyuser`;
/*!40000 ALTER TABLE `comtncmmntyuser` DISABLE KEYS */;
/*!40000 ALTER TABLE `comtncmmntyuser` ENABLE KEYS */;

-- 테이블 ctas.comtncnsltlist 구조 내보내기
CREATE TABLE IF NOT EXISTS `comtncnsltlist` (
  `CNSLT_ID` char(20) NOT NULL,
  `CNSLT_SJ` varchar(255) DEFAULT NULL,
  `OTHBC_AT` char(1) DEFAULT NULL,
  `EMAIL_ADRES` varchar(50) DEFAULT NULL,
  `CNSLT_CN` varchar(2500) DEFAULT NULL,
  `MANAGT_CN` varchar(2500) DEFAULT NULL,
  `MANAGT_DE` char(20) DEFAULT NULL,
  `RDCNT` decimal(10,0) DEFAULT NULL,
  `ATCH_FILE_ID` char(20) DEFAULT NULL,
  `FRST_REGIST_PNTTM` datetime DEFAULT NULL,
  `FRST_REGISTER_ID` varchar(20) DEFAULT NULL,
  `LAST_UPDT_PNTTM` datetime DEFAULT NULL,
  `LAST_UPDUSR_ID` varchar(20) DEFAULT NULL,
  `AREA_NO` varchar(4) DEFAULT NULL,
  `MIDDLE_TELNO` varchar(4) DEFAULT NULL,
  `END_TELNO` varchar(4) DEFAULT NULL,
  `FRST_MBTLNUM` varchar(4) DEFAULT NULL,
  `MIDDLE_MBTLNUM` varchar(4) DEFAULT NULL,
  `END_MBTLNUM` varchar(4) DEFAULT NULL,
  `WRITNG_DE` char(20) DEFAULT NULL,
  `WRTER_NM` varchar(20) DEFAULT NULL,
  `EMAIL_ANSWER_AT` char(1) DEFAULT NULL,
  `QNA_PROCESS_STTUS_CODE` char(1) DEFAULT NULL,
  `WRITNG_PASSWORD` varchar(20) DEFAULT NULL,
  PRIMARY KEY (`CNSLT_ID`),
  UNIQUE KEY `COMTNCNSLTLIST_PK` (`CNSLT_ID`)
) ENGINE=InnoDB DEFAULT CHARSET=utf8;

-- 테이블 데이터 ctas.comtncnsltlist:~0 rows (대략적) 내보내기
DELETE FROM `comtncnsltlist`;
/*!40000 ALTER TABLE `comtncnsltlist` DISABLE KEYS */;
/*!40000 ALTER TABLE `comtncnsltlist` ENABLE KEYS */;

-- 테이블 ctas.comtncomment 구조 내보내기
CREATE TABLE IF NOT EXISTS `comtncomment` (
  `NTT_ID` decimal(20,0) NOT NULL,
  `BBS_ID` char(20) NOT NULL,
  `ANSWER_NO` decimal(20,0) NOT NULL,
  `WRTER_ID` varchar(20) DEFAULT NULL,
  `WRTER_NM` varchar(20) DEFAULT NULL,
  `ANSWER` varchar(200) DEFAULT NULL,
  `USE_AT` char(1) NOT NULL,
  `FRST_REGIST_PNTTM` datetime NOT NULL,
  `FRST_REGISTER_ID` varchar(20) NOT NULL,
  `LAST_UPDT_PNTTM` datetime DEFAULT NULL,
  `LAST_UPDUSR_ID` varchar(20) DEFAULT NULL,
  `PASSWORD` varchar(200) DEFAULT NULL,
  PRIMARY KEY (`NTT_ID`,`BBS_ID`,`ANSWER_NO`),
  UNIQUE KEY `COMTNCOMMENT_PK` (`NTT_ID`,`BBS_ID`,`ANSWER_NO`),
  KEY `COMTNCOMMENT_i01` (`NTT_ID`,`BBS_ID`),
  CONSTRAINT `comtncomment_ibfk_1` FOREIGN KEY (`NTT_ID`, `BBS_ID`) REFERENCES `comtnbbs` (`NTT_ID`, `BBS_ID`)
) ENGINE=InnoDB DEFAULT CHARSET=utf8;

-- 테이블 데이터 ctas.comtncomment:~0 rows (대략적) 내보내기
DELETE FROM `comtncomment`;
/*!40000 ALTER TABLE `comtncomment` DISABLE KEYS */;
/*!40000 ALTER TABLE `comtncomment` ENABLE KEYS */;

-- 테이블 ctas.comtndiaryinfo 구조 내보내기
CREATE TABLE IF NOT EXISTS `comtndiaryinfo` (
  `SCHDUL_ID` char(20) NOT NULL,
  `DIARY_ID` char(20) NOT NULL,
  `DIARY_PROGRSRT` decimal(3,0) DEFAULT NULL,
  `DIARY_NM` varchar(255) DEFAULT NULL,
  `DRCT_MATTER` varchar(2500) DEFAULT NULL,
  `PARTCLR_MATTER` varchar(2500) DEFAULT NULL,
  `ATCH_FILE_ID` char(20) DEFAULT NULL,
  `FRST_REGIST_PNTTM` datetime DEFAULT NULL,
  `FRST_REGISTER_ID` varchar(20) DEFAULT NULL,
  `LAST_UPDT_PNTTM` datetime DEFAULT NULL,
  `LAST_UPDUSR_ID` varchar(20) DEFAULT NULL,
  PRIMARY KEY (`SCHDUL_ID`,`DIARY_ID`),
  UNIQUE KEY `COMTNDIARYINFO_PK` (`SCHDUL_ID`,`DIARY_ID`),
  KEY `COMTNDIARYINFO_i01` (`SCHDUL_ID`),
  CONSTRAINT `comtndiaryinfo_ibfk_1` FOREIGN KEY (`SCHDUL_ID`) REFERENCES `comtnschdulinfo` (`SCHDUL_ID`)
) ENGINE=InnoDB DEFAULT CHARSET=utf8;

-- 테이블 데이터 ctas.comtndiaryinfo:~0 rows (대략적) 내보내기
DELETE FROM `comtndiaryinfo`;
/*!40000 ALTER TABLE `comtndiaryinfo` DISABLE KEYS */;
/*!40000 ALTER TABLE `comtndiaryinfo` ENABLE KEYS */;

-- 테이블 ctas.comtnemplyrinfo 구조 내보내기
CREATE TABLE IF NOT EXISTS `comtnemplyrinfo` (
  `EMPLYR_ID` varchar(20) NOT NULL,
  `ORGNZT_ID` char(20) DEFAULT NULL,
  `USER_NM` varchar(60) NOT NULL,
  `PASSWORD` varchar(200) DEFAULT NULL,
  `EMPL_NO` varchar(20) DEFAULT NULL,
  `IHIDNUM` varchar(200) DEFAULT NULL,
  `SEXDSTN_CODE` char(1) DEFAULT NULL,
  `BRTHDY` char(20) DEFAULT NULL,
  `FXNUM` varchar(20) DEFAULT NULL,
  `HOUSE_ADRES` varchar(100) DEFAULT NULL,
  `PASSWORD_HINT` varchar(100) DEFAULT NULL,
  `PASSWORD_CNSR` varchar(100) DEFAULT NULL,
  `HOUSE_END_TELNO` varchar(4) DEFAULT NULL,
  `AREA_NO` varchar(4) DEFAULT NULL,
  `DETAIL_ADRES` varchar(100) DEFAULT NULL,
  `ZIP` varchar(6) DEFAULT NULL,
  `OFFM_TELNO` varchar(20) DEFAULT NULL,
  `MBTLNUM` varchar(20) DEFAULT NULL,
  `EMAIL_ADRES` varchar(50) DEFAULT NULL,
  `OFCPS_NM` varchar(60) DEFAULT NULL,
  `HOUSE_MIDDLE_TELNO` varchar(4) DEFAULT NULL,
  `GROUP_ID` char(20) DEFAULT NULL,
  `PSTINST_CODE` char(8) DEFAULT NULL,
  `EMPLYR_STTUS_CODE` char(1) NOT NULL,
  `ESNTL_ID` char(20) NOT NULL,
  `CRTFC_DN_VALUE` varchar(100) DEFAULT NULL,
  `SBSCRB_DE` datetime DEFAULT NULL,
  PRIMARY KEY (`EMPLYR_ID`),
  UNIQUE KEY `COMTNEMPLYRINFO_PK` (`EMPLYR_ID`),
  KEY `COMTNEMPLYRINFO_i01` (`ORGNZT_ID`),
  KEY `COMTNEMPLYRINFO_i02` (`GROUP_ID`),
  CONSTRAINT `comtnemplyrinfo_ibfk_1` FOREIGN KEY (`ORGNZT_ID`) REFERENCES `comtnorgnztinfo` (`ORGNZT_ID`) ON DELETE SET NULL,
  CONSTRAINT `comtnemplyrinfo_ibfk_2` FOREIGN KEY (`GROUP_ID`) REFERENCES `comtnauthorgroupinfo` (`GROUP_ID`) ON DELETE SET NULL
) ENGINE=InnoDB DEFAULT CHARSET=utf8;

-- 테이블 데이터 ctas.comtnemplyrinfo:~8 rows (대략적) 내보내기
DELETE FROM `comtnemplyrinfo`;
/*!40000 ALTER TABLE `comtnemplyrinfo` DISABLE KEYS */;
INSERT INTO `comtnemplyrinfo` (`EMPLYR_ID`, `ORGNZT_ID`, `USER_NM`, `PASSWORD`, `EMPL_NO`, `IHIDNUM`, `SEXDSTN_CODE`, `BRTHDY`, `FXNUM`, `HOUSE_ADRES`, `PASSWORD_HINT`, `PASSWORD_CNSR`, `HOUSE_END_TELNO`, `AREA_NO`, `DETAIL_ADRES`, `ZIP`, `OFFM_TELNO`, `MBTLNUM`, `EMAIL_ADRES`, `OFCPS_NM`, `HOUSE_MIDDLE_TELNO`, `GROUP_ID`, `PSTINST_CODE`, `EMPLYR_STTUS_CODE`, `ESNTL_ID`, `CRTFC_DN_VALUE`, `SBSCRB_DE`) VALUES
	('0001', 'ORGNZT_0000000000175', '이진표테스트', 'A', 'A', NULL, '', 'A', 'A', 'A', 'P01', 'A', '1111', '02', 'A', '11111', 'A', '010-1111-1111', 'thruth@thruth.com', 'A', '1111', 'GROUP_00000000000001', '', 'P', 'A0001', 'cn=이진표()0004042I005014627,ou=KMB,ou=personal4IB,o=yessign,c=kr', '2017-09-07 20:58:38'),
	('0002', 'ORGNZT_0000000000300', '박종화', 'A', 'A', NULL, '', 'A', 'A', 'A', 'P01', 'A', '0000', '02', 'A', '11111', 'A', '010-0000-0000', 'pjh@pjh.com', 'A', '0000', 'GROUP_00000000000001', '', 'P', 'A0002', 'cn=박종화()008804520150130188000060,ou=SHB,ou=personal4IB,o=yessign,c=kr', '2017-09-07 22:44:02'),
	('0003', 'ORGNZT_0000000000300', '한현정', 'A', 'A', NULL, '', 'A', 'A', 'A', 'P01', 'A', '0000', '02', 'A', '11112', 'A', '010-0000-0000', 'hhj@hhj.com', 'A', '0000', 'GROUP_00000000000001', '', 'P', 'A0003', 'cn=300한현정001,ou=people,ou=행정안전부,o=Government of Korea,c=KR', '2017-09-08 13:03:38'),
	('0004', 'ORGNZT_0000000000138', '이지회', 'A', 'A', NULL, '', 'A', 'A', 'A', 'P01', 'A', '1111', '02', 'A', '12345', 'A', '010-0000-0000', 'mis@korea.kr', 'A', '1111', 'GROUP_00000000000001', '', 'P', 'A0004', 'cn=054이지회001,ou=people,ou=대전광역시,o=Government of Korea,c=KR', '2017-09-08 13:34:43'),
	('0005', 'ORGNZT_0000000000300', '양버들', 'A', 'A', NULL, '', 'A', 'A', 'A', 'P01', 'A', '1111', '02', 'A', '12345', 'A', '010-0000-0000', 'mis@korea.kr', 'A', '1111', 'GROUP_00000000000001', '', 'P', 'A0005', 'cn=300양버들001,ou=people,ou=행정안전부,o=Government of Korea,c=KR', '2017-09-08 13:56:27'),
	('0006', 'ORGNZT_0000000000300', '김도형', '1', '', '', '', '', '', '서울특별시 종로구 세종대로 209 (세종로)', 'P01', 'A', '3399', '02', '', '03171', '02-2100-3399', '010-0000-0000', 'mis@korea.kr', '', '2100', 'GROUP_00000000000001', '', 'P', 'A0006', 'cn=김도형()008804620070716188000612,ou=SHB,ou=personal4IB,o=yessign,c=kr', '2017-09-10 16:53:27'),
	('auser01', 'ORGNZT_0000000000000', '평가위원01', 'lR9HSaayoa3L47nbYGT0XbRvrYp2Ldo4g54am6/pS2w=', '', NULL, '', '', '', '', 'P01', 'A', '0000', '02', '', '', '', '', 'mis@korea.kr', '', '0000', 'GROUP_00000000000002', '00000001', 'P', 'AUSER01', '', '2017-09-10 00:00:00'),
	('webmaster', 'ORGNZT_0000000000000', '웹마스터', 'lR9HSaayoa3L47nbYGT0XbRvrYp2Ldo4g54am6/pS2w=', '20112060', NULL, '', '20111130', '1566-2059', '서울특별시 중구 청계천로 14 - 0 한국정보사회진흥원', 'P02', '웹마스터', '0000', '02', 'Aube Labs', '100775', '1566-2059', '010-5210-0167', 'aube.labs@gmail.com', '웹관리자', '0000', 'GROUP_00000000000003', '00000001', 'P', 'USRCNFRM_99999999999', '', '2017-08-26 18:14:01');
/*!40000 ALTER TABLE `comtnemplyrinfo` ENABLE KEYS */;

-- 테이블 ctas.comtnemplyrscrtyestbs 구조 내보내기
CREATE TABLE IF NOT EXISTS `comtnemplyrscrtyestbs` (
  `SCRTY_DTRMN_TRGET_ID` varchar(20) NOT NULL,
  `MBER_TY_CODE` char(5) DEFAULT NULL,
  `AUTHOR_CODE` varchar(30) NOT NULL,
  PRIMARY KEY (`SCRTY_DTRMN_TRGET_ID`),
  UNIQUE KEY `COMTNEMPLYRSCRTYESTBS_PK` (`SCRTY_DTRMN_TRGET_ID`),
  KEY `COMTNEMPLYRSCRTYESTBS_i04` (`AUTHOR_CODE`)
) ENGINE=InnoDB DEFAULT CHARSET=utf8;

-- 테이블 데이터 ctas.comtnemplyrscrtyestbs:~3 rows (대략적) 내보내기
DELETE FROM `comtnemplyrscrtyestbs`;
/*!40000 ALTER TABLE `comtnemplyrscrtyestbs` DISABLE KEYS */;
INSERT INTO `comtnemplyrscrtyestbs` (`SCRTY_DTRMN_TRGET_ID`, `MBER_TY_CODE`, `AUTHOR_CODE`) VALUES
	('USRCNFRM_00000000000', 'USR03', 'ROLE_ADMIN'),
	('USRCNFRM_00000000001', 'USR01', 'ROLE_USER'),
	('USRCNFRM_00000000002', 'USR02', 'ROLE_USER');
/*!40000 ALTER TABLE `comtnemplyrscrtyestbs` ENABLE KEYS */;

-- 테이블 ctas.comtnentrprsmber 구조 내보내기
CREATE TABLE IF NOT EXISTS `comtnentrprsmber` (
  `ENTRPRS_MBER_ID` varchar(20) NOT NULL,
  `ENTRPRS_SE_CODE` char(8) DEFAULT NULL,
  `BIZRNO` varchar(10) DEFAULT NULL,
  `JURIRNO` varchar(13) DEFAULT NULL,
  `CMPNY_NM` varchar(60) NOT NULL,
  `CXFC` varchar(50) DEFAULT NULL,
  `ZIP` varchar(6) NOT NULL,
  `ADRES` varchar(100) NOT NULL,
  `ENTRPRS_MIDDLE_TELNO` varchar(4) NOT NULL,
  `FXNUM` varchar(20) DEFAULT NULL,
  `INDUTY_CODE` char(1) DEFAULT NULL,
  `APPLCNT_NM` varchar(50) NOT NULL,
  `APPLCNT_IHIDNUM` varchar(200) DEFAULT NULL,
  `SBSCRB_DE` datetime DEFAULT NULL,
  `ENTRPRS_MBER_STTUS` varchar(15) DEFAULT NULL,
  `ENTRPRS_MBER_PASSWORD` varchar(200) DEFAULT NULL,
  `ENTRPRS_MBER_PASSWORD_HINT` varchar(100) NOT NULL,
  `ENTRPRS_MBER_PASSWORD_CNSR` varchar(100) NOT NULL,
  `GROUP_ID` char(20) DEFAULT NULL,
  `DETAIL_ADRES` varchar(100) DEFAULT NULL,
  `ENTRPRS_END_TELNO` varchar(4) NOT NULL,
  `AREA_NO` varchar(4) NOT NULL,
  `APPLCNT_EMAIL_ADRES` varchar(50) NOT NULL,
  `ESNTL_ID` char(20) NOT NULL,
  PRIMARY KEY (`ENTRPRS_MBER_ID`),
  UNIQUE KEY `COMTNENTRPRSMBER_PK` (`ENTRPRS_MBER_ID`),
  KEY `COMTNENTRPRSMBER_i01` (`GROUP_ID`),
  CONSTRAINT `comtnentrprsmber_ibfk_1` FOREIGN KEY (`GROUP_ID`) REFERENCES `comtnauthorgroupinfo` (`GROUP_ID`) ON DELETE SET NULL
) ENGINE=InnoDB DEFAULT CHARSET=utf8;

-- 테이블 데이터 ctas.comtnentrprsmber:~0 rows (대략적) 내보내기
DELETE FROM `comtnentrprsmber`;
/*!40000 ALTER TABLE `comtnentrprsmber` DISABLE KEYS */;
/*!40000 ALTER TABLE `comtnentrprsmber` ENABLE KEYS */;

-- 테이블 ctas.comtneventinfo 구조 내보내기
CREATE TABLE IF NOT EXISTS `comtneventinfo` (
  `EVENT_ID` char(20) NOT NULL,
  `BSNS_YEAR` char(4) DEFAULT NULL,
  `BSNS_CODE` varchar(2) DEFAULT NULL,
  `EVENT_CN` varchar(1000) DEFAULT NULL,
  `EVENT_SVC_BGNDE` char(20) DEFAULT NULL,
  `SVC_USE_NMPR_CO` decimal(10,0) DEFAULT NULL,
  `CHARGER_NM` varchar(50) DEFAULT NULL,
  `PRPARETG_CN` varchar(2500) DEFAULT NULL,
  `FRST_REGIST_PNTTM` datetime DEFAULT NULL,
  `FRST_REGISTER_ID` varchar(20) DEFAULT NULL,
  `LAST_UPDT_PNTTM` datetime DEFAULT NULL,
  `LAST_UPDUSR_ID` varchar(20) DEFAULT NULL,
  `EVENT_SVC_ENDDE` char(20) DEFAULT NULL,
  `EVENT_TY_CODE` char(1) DEFAULT NULL,
  `EVENT_CONFM_AT` char(1) DEFAULT NULL,
  `EVENT_CONFM_DE` char(20) DEFAULT NULL,
  PRIMARY KEY (`EVENT_ID`),
  UNIQUE KEY `COMTNEVENTINFO_PK` (`EVENT_ID`)
) ENGINE=InnoDB DEFAULT CHARSET=utf8;

-- 테이블 데이터 ctas.comtneventinfo:~0 rows (대략적) 내보내기
DELETE FROM `comtneventinfo`;
/*!40000 ALTER TABLE `comtneventinfo` DISABLE KEYS */;
/*!40000 ALTER TABLE `comtneventinfo` ENABLE KEYS */;

-- 테이블 ctas.comtnextrlhrinfo 구조 내보내기
CREATE TABLE IF NOT EXISTS `comtnextrlhrinfo` (
  `EVENT_ID` char(20) NOT NULL,
  `EXTRL_HR_ID` char(20) NOT NULL,
  `SEXDSTN_CODE` char(1) DEFAULT NULL,
  `EXTRL_HR_NM` varchar(60) DEFAULT NULL,
  `OCCP_TY_CODE` char(1) DEFAULT NULL,
  `PSITN_INSTT_NM` varchar(100) DEFAULT NULL,
  `BRTHDY` char(20) DEFAULT NULL,
  `AREA_NO` varchar(4) DEFAULT NULL,
  `MIDDLE_TELNO` varchar(4) DEFAULT NULL,
  `END_TELNO` varchar(4) DEFAULT NULL,
  `EMAIL_ADRES` varchar(50) DEFAULT NULL,
  `FRST_REGIST_PNTTM` datetime DEFAULT NULL,
  `FRST_REGISTER_ID` varchar(20) DEFAULT NULL,
  `LAST_UPDT_PNTTM` datetime DEFAULT NULL,
  `LAST_UPDUSR_ID` varchar(20) DEFAULT NULL,
  PRIMARY KEY (`EVENT_ID`,`EXTRL_HR_ID`),
  UNIQUE KEY `COMTNEXTRLHRINFO_PK` (`EVENT_ID`,`EXTRL_HR_ID`),
  KEY `COMTNEXTRLHRINFO_i01` (`EVENT_ID`),
  CONSTRAINT `comtnextrlhrinfo_ibfk_1` FOREIGN KEY (`EVENT_ID`) REFERENCES `comtneventinfo` (`EVENT_ID`)
) ENGINE=InnoDB DEFAULT CHARSET=utf8;

-- 테이블 데이터 ctas.comtnextrlhrinfo:~0 rows (대략적) 내보내기
DELETE FROM `comtnextrlhrinfo`;
/*!40000 ALTER TABLE `comtnextrlhrinfo` DISABLE KEYS */;
/*!40000 ALTER TABLE `comtnextrlhrinfo` ENABLE KEYS */;

-- 테이블 ctas.comtnfaqinfo 구조 내보내기
CREATE TABLE IF NOT EXISTS `comtnfaqinfo` (
  `FAQ_ID` char(20) NOT NULL,
  `QESTN_SJ` varchar(255) DEFAULT NULL,
  `QESTN_CN` varchar(2500) DEFAULT NULL,
  `ANSWER_CN` varchar(2500) DEFAULT NULL,
  `RDCNT` decimal(10,0) DEFAULT NULL,
  `FRST_REGIST_PNTTM` datetime NOT NULL,
  `FRST_REGISTER_ID` varchar(20) NOT NULL,
  `LAST_UPDT_PNTTM` datetime NOT NULL,
  `LAST_UPDUSR_ID` varchar(20) NOT NULL,
  `ATCH_FILE_ID` char(20) DEFAULT NULL,
  `QNA_PROCESS_STTUS_CODE` char(1) DEFAULT NULL,
  PRIMARY KEY (`FAQ_ID`),
  UNIQUE KEY `COMTNFAQINFO_PK` (`FAQ_ID`),
  KEY `COMTNFAQINFO_i01` (`ATCH_FILE_ID`),
  CONSTRAINT `comtnfaqinfo_ibfk_1` FOREIGN KEY (`ATCH_FILE_ID`) REFERENCES `comtnfile` (`ATCH_FILE_ID`)
) ENGINE=InnoDB DEFAULT CHARSET=utf8;

-- 테이블 데이터 ctas.comtnfaqinfo:~0 rows (대략적) 내보내기
DELETE FROM `comtnfaqinfo`;
/*!40000 ALTER TABLE `comtnfaqinfo` DISABLE KEYS */;
/*!40000 ALTER TABLE `comtnfaqinfo` ENABLE KEYS */;

-- 테이블 ctas.comtnfile 구조 내보내기
CREATE TABLE IF NOT EXISTS `comtnfile` (
  `ATCH_FILE_ID` char(20) NOT NULL,
  `CREAT_DT` datetime NOT NULL,
  `USE_AT` char(1) DEFAULT NULL,
  PRIMARY KEY (`ATCH_FILE_ID`),
  UNIQUE KEY `COMTNFILE_PK` (`ATCH_FILE_ID`)
) ENGINE=InnoDB DEFAULT CHARSET=utf8;

-- 테이블 데이터 ctas.comtnfile:~14 rows (대략적) 내보내기
DELETE FROM `comtnfile`;
/*!40000 ALTER TABLE `comtnfile` DISABLE KEYS */;
INSERT INTO `comtnfile` (`ATCH_FILE_ID`, `CREAT_DT`, `USE_AT`) VALUES
	('FILE_000000000000001', '2017-08-27 17:55:22', 'Y'),
	('FILE_000000000000011', '2017-09-07 20:59:33', 'Y'),
	('FILE_000000000000012', '2017-09-07 20:59:38', 'Y'),
	('FILE_000000000000013', '2017-09-07 20:59:40', 'Y'),
	('FILE_000000000000021', '2017-09-08 06:26:59', 'N'),
	('FILE_000000000000022', '2017-09-08 06:27:02', 'Y'),
	('FILE_000000000000023', '2017-09-08 06:27:04', 'N'),
	('FILE_000000000000024', '2017-09-08 13:36:27', 'Y'),
	('FILE_000000000000025', '2017-09-08 14:00:28', 'N'),
	('FILE_000000000000031', '2017-09-09 07:44:47', 'Y'),
	('FILE_000000000000041', '2017-09-10 17:16:22', 'Y'),
	('FILE_000000000000042', '2017-09-10 17:16:36', 'Y'),
	('FILE_000000000000043', '2017-09-10 17:16:50', 'Y'),
	('FILE_000000000000044', '2017-09-10 17:17:04', 'Y');
/*!40000 ALTER TABLE `comtnfile` ENABLE KEYS */;

-- 테이블 ctas.comtnfiledetail 구조 내보내기
CREATE TABLE IF NOT EXISTS `comtnfiledetail` (
  `ATCH_FILE_ID` char(20) NOT NULL,
  `FILE_SN` decimal(10,0) NOT NULL,
  `FILE_STRE_COURS` varchar(2000) NOT NULL,
  `STRE_FILE_NM` varchar(255) NOT NULL,
  `ORIGNL_FILE_NM` varchar(255) DEFAULT NULL,
  `FILE_EXTSN` varchar(20) NOT NULL,
  `FILE_CN` mediumtext,
  `FILE_SIZE` decimal(8,0) DEFAULT NULL,
  PRIMARY KEY (`ATCH_FILE_ID`,`FILE_SN`),
  UNIQUE KEY `COMTNFILEDETAIL_PK` (`ATCH_FILE_ID`,`FILE_SN`),
  KEY `COMTNFILEDETAIL_i01` (`ATCH_FILE_ID`),
  CONSTRAINT `comtnfiledetail_ibfk_1` FOREIGN KEY (`ATCH_FILE_ID`) REFERENCES `comtnfile` (`ATCH_FILE_ID`)
) ENGINE=InnoDB DEFAULT CHARSET=utf8;

-- 테이블 데이터 ctas.comtnfiledetail:~11 rows (대략적) 내보내기
DELETE FROM `comtnfiledetail`;
/*!40000 ALTER TABLE `comtnfiledetail` DISABLE KEYS */;
INSERT INTO `comtnfiledetail` (`ATCH_FILE_ID`, `FILE_SN`, `FILE_STRE_COURS`, `STRE_FILE_NM`, `ORIGNL_FILE_NM`, `FILE_EXTSN`, `FILE_CN`, `FILE_SIZE`) VALUES
	('FILE_000000000000001', 0, 'C:/egovframework/upload/', 'BBS_201708270555227190', 'Default.rdp', 'rdp', '', 2198),
	('FILE_000000000000011', 0, 'C:/ctas/upload/', 'BBS_201709070859327950', '모듈.zip', 'zip', '', 19074477),
	('FILE_000000000000012', 0, 'C:/ctas/upload/', 'BBS_201709070859388430', '임시라이센스.zip', 'zip', '', 504),
	('FILE_000000000000013', 0, 'C:/ctas/upload/', 'BBS_201709070859409080', '정상라이센스.zip', 'zip', '', 463),
	('FILE_000000000000022', 0, 'C:/ctas/upload/', 'BBS_201709080627023400', 'MberInsert.jsp', 'jsp', '', 5685),
	('FILE_000000000000024', 0, 'C:/ctas/upload/', 'BBS_201709080136274840', '대전광역시 유성구 적극행정 면책 및 공무원 경고 등 처분에 관한 규정.hwp', 'hwp', '', 64363),
	('FILE_000000000000031', 0, 'C:/ctas/upload/', 'BBS_201709090744471380', 'EgovComIndexController.java', 'java', '', 13722),
	('FILE_000000000000041', 0, 'C:/ctas/upload/', 'BBS_201709100516229820', '2017년 민원서비스 종합평가 운영매뉴얼.pdf', 'pdf', '', 3433594),
	('FILE_000000000000042', 0, 'C:/ctas/upload/', 'BBS_201709100516364290', '행안부_민원서비스종합평가_설명회_170828.pdf', 'pdf', '', 4836657),
	('FILE_000000000000043', 0, 'C:/ctas/upload/', 'BBS_201709100516500330', '2017 민원서비스 종합평가 운영매뉴얼_170828.hwp', 'hwp', '', 1763328),
	('FILE_000000000000044', 0, 'C:/ctas/upload/', 'BBS_201709100517046340', '행안부_민원서비스종합평가_설명회_170828.pdf', 'pdf', '', 4836657);
/*!40000 ALTER TABLE `comtnfiledetail` ENABLE KEYS */;

-- 테이블 ctas.comtngnrlmber 구조 내보내기
CREATE TABLE IF NOT EXISTS `comtngnrlmber` (
  `MBER_ID` varchar(20) NOT NULL,
  `PASSWORD` varchar(200) NOT NULL,
  `PASSWORD_HINT` varchar(100) DEFAULT NULL,
  `PASSWORD_CNSR` varchar(100) DEFAULT NULL,
  `IHIDNUM` varchar(200) DEFAULT NULL,
  `MBER_NM` varchar(50) NOT NULL,
  `ZIP` varchar(6) DEFAULT NULL,
  `ADRES` varchar(100) DEFAULT NULL,
  `AREA_NO` varchar(4) DEFAULT NULL,
  `MBER_STTUS` varchar(15) DEFAULT NULL,
  `DETAIL_ADRES` varchar(100) DEFAULT NULL,
  `END_TELNO` varchar(4) DEFAULT NULL,
  `MBTLNUM` varchar(20) DEFAULT NULL,
  `GROUP_ID` char(20) DEFAULT NULL,
  `MBER_FXNUM` varchar(20) DEFAULT NULL,
  `MBER_EMAIL_ADRES` varchar(50) DEFAULT NULL,
  `MIDDLE_TELNO` varchar(4) DEFAULT NULL,
  `SBSCRB_DE` datetime DEFAULT NULL,
  `SEXDSTN_CODE` char(1) DEFAULT NULL,
  `ESNTL_ID` char(20) NOT NULL,
  PRIMARY KEY (`MBER_ID`),
  UNIQUE KEY `COMTNGNRLMBER_PK` (`MBER_ID`),
  KEY `COMTNGNRLMBER_i01` (`GROUP_ID`),
  CONSTRAINT `comtngnrlmber_ibfk_1` FOREIGN KEY (`GROUP_ID`) REFERENCES `comtnauthorgroupinfo` (`GROUP_ID`) ON DELETE SET NULL
) ENGINE=InnoDB DEFAULT CHARSET=utf8;

-- 테이블 데이터 ctas.comtngnrlmber:~0 rows (대략적) 내보내기
DELETE FROM `comtngnrlmber`;
/*!40000 ALTER TABLE `comtngnrlmber` DISABLE KEYS */;
/*!40000 ALTER TABLE `comtngnrlmber` ENABLE KEYS */;

-- 테이블 ctas.comtnhpcminfo 구조 내보내기
CREATE TABLE IF NOT EXISTS `comtnhpcminfo` (
  `HPCM_ID` char(20) NOT NULL,
  `HPCM_SE_CODE` char(1) DEFAULT NULL,
  `HPCM_DFN` varchar(1000) DEFAULT NULL,
  `HPCM_DC` varchar(2500) DEFAULT NULL,
  `FRST_REGIST_PNTTM` datetime DEFAULT NULL,
  `FRST_REGISTER_ID` varchar(20) DEFAULT NULL,
  `LAST_UPDT_PNTTM` datetime DEFAULT NULL,
  `LAST_UPDUSR_ID` varchar(20) DEFAULT NULL,
  PRIMARY KEY (`HPCM_ID`),
  UNIQUE KEY `COMTNHPCMINFO_PK` (`HPCM_ID`)
) ENGINE=InnoDB DEFAULT CHARSET=utf8;

-- 테이블 데이터 ctas.comtnhpcminfo:~0 rows (대략적) 내보내기
DELETE FROM `comtnhpcminfo`;
/*!40000 ALTER TABLE `comtnhpcminfo` DISABLE KEYS */;
/*!40000 ALTER TABLE `comtnhpcminfo` ENABLE KEYS */;

-- 테이블 ctas.comtnindvdlpgecntnts 구조 내보내기
CREATE TABLE IF NOT EXISTS `comtnindvdlpgecntnts` (
  `CNTNTS_ID` varchar(20) NOT NULL,
  `CNTNTS_NM` varchar(100) NOT NULL,
  `CNTC_URL` varchar(255) NOT NULL,
  `CNTNTS_USE_AT` char(1) NOT NULL,
  `CNTNTS_LINK_URL` varchar(1000) DEFAULT NULL,
  `CNTNTS_DC` varchar(250) DEFAULT NULL,
  PRIMARY KEY (`CNTNTS_ID`),
  UNIQUE KEY `COMTNINDVDLPGECNTNTS_PK` (`CNTNTS_ID`)
) ENGINE=InnoDB DEFAULT CHARSET=utf8;

-- 테이블 데이터 ctas.comtnindvdlpgecntnts:~0 rows (대략적) 내보내기
DELETE FROM `comtnindvdlpgecntnts`;
/*!40000 ALTER TABLE `comtnindvdlpgecntnts` DISABLE KEYS */;
/*!40000 ALTER TABLE `comtnindvdlpgecntnts` ENABLE KEYS */;

-- 테이블 ctas.comtnindvdlpgeestbs 구조 내보내기
CREATE TABLE IF NOT EXISTS `comtnindvdlpgeestbs` (
  `EMPLYR_ID` varchar(20) NOT NULL,
  `UPEND_IMAGE` varchar(1024) DEFAULT NULL,
  `TITLEBAR_COLOR` char(7) DEFAULT NULL,
  `ALGN_MTHD` char(1) DEFAULT NULL,
  `ALGN_CO` decimal(10,0) DEFAULT NULL,
  PRIMARY KEY (`EMPLYR_ID`),
  UNIQUE KEY `COMTNINDVDLPGEESTBS_PK` (`EMPLYR_ID`)
) ENGINE=InnoDB DEFAULT CHARSET=utf8;

-- 테이블 데이터 ctas.comtnindvdlpgeestbs:~0 rows (대략적) 내보내기
DELETE FROM `comtnindvdlpgeestbs`;
/*!40000 ALTER TABLE `comtnindvdlpgeestbs` DISABLE KEYS */;
/*!40000 ALTER TABLE `comtnindvdlpgeestbs` ENABLE KEYS */;

-- 테이블 ctas.comtnncrd 구조 내보내기
CREATE TABLE IF NOT EXISTS `comtnncrd` (
  `NCRD_ID` char(20) NOT NULL,
  `NCRD_TRGTER_ID` varchar(20) DEFAULT NULL,
  `NM` varchar(50) NOT NULL,
  `TELNO` varchar(20) DEFAULT NULL,
  `NATION_NO` varchar(10) DEFAULT NULL,
  `AREA_NO` varchar(4) DEFAULT NULL,
  `MIDDLE_TELNO` varchar(4) DEFAULT NULL,
  `END_TELNO` varchar(4) DEFAULT NULL,
  `MBTLNUM` varchar(20) DEFAULT NULL,
  `IDNTFC_NO` varchar(10) DEFAULT NULL,
  `MIDDLE_MBTLNUM` varchar(4) DEFAULT NULL,
  `END_MBTLNUM` varchar(4) DEFAULT NULL,
  `EMAIL_ADRES` varchar(50) DEFAULT NULL,
  `CMPNY_NM` varchar(60) DEFAULT NULL,
  `DEPT_NM` varchar(60) DEFAULT NULL,
  `ADRES` varchar(100) DEFAULT NULL,
  `DETAIL_ADRES` varchar(100) DEFAULT NULL,
  `OFCPS_NM` varchar(60) DEFAULT NULL,
  `CLSF_NM` varchar(60) DEFAULT NULL,
  `EXTRL_USER_AT` char(1) DEFAULT NULL,
  `OTHBC_AT` char(1) NOT NULL,
  `RM` varchar(2500) DEFAULT NULL,
  `FRST_REGIST_PNTTM` datetime NOT NULL,
  `FRST_REGISTER_ID` varchar(20) DEFAULT NULL,
  `LAST_UPDT_PNTTM` datetime DEFAULT NULL,
  `LAST_UPDUSR_ID` varchar(20) DEFAULT NULL,
  PRIMARY KEY (`NCRD_ID`),
  UNIQUE KEY `COMTNNCRD_PK` (`NCRD_ID`)
) ENGINE=InnoDB DEFAULT CHARSET=utf8;

-- 테이블 데이터 ctas.comtnncrd:~0 rows (대략적) 내보내기
DELETE FROM `comtnncrd`;
/*!40000 ALTER TABLE `comtnncrd` DISABLE KEYS */;
/*!40000 ALTER TABLE `comtnncrd` ENABLE KEYS */;

-- 테이블 ctas.comtnnewsinfo 구조 내보내기
CREATE TABLE IF NOT EXISTS `comtnnewsinfo` (
  `NEWS_ID` char(20) NOT NULL,
  `NEWS_SJ` varchar(100) DEFAULT NULL,
  `NEWS_CN` varchar(2500) DEFAULT NULL,
  `NEWS_ORIGIN` varchar(250) DEFAULT NULL,
  `NTCE_AT` char(1) DEFAULT NULL,
  `FRST_REGIST_PNTTM` datetime NOT NULL,
  `FRST_REGISTER_ID` varchar(20) NOT NULL,
  `LAST_UPDT_PNTTM` datetime NOT NULL,
  `LAST_UPDUSR_ID` varchar(20) NOT NULL,
  `NTCE_DE` char(20) DEFAULT NULL,
  `ATCH_FILE_ID` char(20) DEFAULT NULL,
  PRIMARY KEY (`NEWS_ID`),
  UNIQUE KEY `COMTNNEWSINFO_PK` (`NEWS_ID`),
  KEY `COMTNNEWSINFO_i01` (`ATCH_FILE_ID`),
  CONSTRAINT `comtnnewsinfo_ibfk_1` FOREIGN KEY (`ATCH_FILE_ID`) REFERENCES `comtnfile` (`ATCH_FILE_ID`) ON DELETE SET NULL
) ENGINE=InnoDB DEFAULT CHARSET=utf8;

-- 테이블 데이터 ctas.comtnnewsinfo:~0 rows (대략적) 내보내기
DELETE FROM `comtnnewsinfo`;
/*!40000 ALTER TABLE `comtnnewsinfo` DISABLE KEYS */;
/*!40000 ALTER TABLE `comtnnewsinfo` ENABLE KEYS */;

-- 테이블 ctas.comtnonlinemanual 구조 내보내기
CREATE TABLE IF NOT EXISTS `comtnonlinemanual` (
  `ONLINE_MNL_ID` char(20) NOT NULL,
  `ONLINE_MNL_SE_CODE` char(3) DEFAULT NULL,
  `ONLINE_MNL_DFN` mediumtext,
  `ONLINE_MNL_DC` mediumtext,
  `FRST_REGISTER_ID` varchar(20) DEFAULT NULL,
  `FRST_REGIST_PNTTM` datetime DEFAULT NULL,
  `LAST_UPDUSR_ID` varchar(20) DEFAULT NULL,
  `LAST_UPDT_PNTTM` datetime DEFAULT NULL,
  `ONLINE_MNL_NM` varchar(255) DEFAULT NULL,
  PRIMARY KEY (`ONLINE_MNL_ID`),
  UNIQUE KEY `COMTNONLINEMANUAL_PK` (`ONLINE_MNL_ID`)
) ENGINE=InnoDB DEFAULT CHARSET=utf8;

-- 테이블 데이터 ctas.comtnonlinemanual:~0 rows (대략적) 내보내기
DELETE FROM `comtnonlinemanual`;
/*!40000 ALTER TABLE `comtnonlinemanual` DISABLE KEYS */;
/*!40000 ALTER TABLE `comtnonlinemanual` ENABLE KEYS */;

-- 테이블 ctas.comtnonlinepolliem 구조 내보내기
CREATE TABLE IF NOT EXISTS `comtnonlinepolliem` (
  `POLL_IEM_NM` varchar(255) DEFAULT NULL,
  `FRST_REGISTER_ID` varchar(20) DEFAULT NULL,
  `FRST_REGIST_PNTTM` datetime DEFAULT NULL,
  `LAST_UPDUSR_ID` varchar(20) DEFAULT NULL,
  `LAST_UPDT_PNTTM` datetime DEFAULT NULL,
  `POLL_IEM_ID` char(20) NOT NULL,
  `POLL_ID` char(20) NOT NULL,
  PRIMARY KEY (`POLL_ID`,`POLL_IEM_ID`),
  UNIQUE KEY `COMTNONLINEPOLLIEM_PK` (`POLL_ID`,`POLL_IEM_ID`),
  KEY `COMTNONLINEPOLLIEM_i01` (`POLL_ID`),
  CONSTRAINT `comtnonlinepolliem_ibfk_1` FOREIGN KEY (`POLL_ID`) REFERENCES `comtnonlinepollmanage` (`POLL_ID`)
) ENGINE=InnoDB DEFAULT CHARSET=utf8;

-- 테이블 데이터 ctas.comtnonlinepolliem:~0 rows (대략적) 내보내기
DELETE FROM `comtnonlinepolliem`;
/*!40000 ALTER TABLE `comtnonlinepolliem` DISABLE KEYS */;
/*!40000 ALTER TABLE `comtnonlinepolliem` ENABLE KEYS */;

-- 테이블 ctas.comtnonlinepollmanage 구조 내보내기
CREATE TABLE IF NOT EXISTS `comtnonlinepollmanage` (
  `POLL_ID` char(20) NOT NULL,
  `POLL_NM` varchar(255) DEFAULT NULL,
  `POLL_BGNDE` char(10) DEFAULT NULL,
  `POLL_ENDDE` char(10) DEFAULT NULL,
  `POLL_KND` char(3) DEFAULT NULL,
  `POLL_DSUSE_ENNC` char(1) DEFAULT NULL,
  `POLL_ATMC_DSUSE_ENNC` char(1) DEFAULT NULL,
  `FRST_REGISTER_ID` varchar(20) DEFAULT NULL,
  `FRST_REGIST_PNTTM` datetime DEFAULT NULL,
  `LAST_UPDUSR_ID` varchar(20) DEFAULT NULL,
  `LAST_UPDT_PNTTM` datetime DEFAULT NULL,
  PRIMARY KEY (`POLL_ID`),
  UNIQUE KEY `COMTNONLINEPOLLMANAGE_PK` (`POLL_ID`)
) ENGINE=InnoDB DEFAULT CHARSET=utf8;

-- 테이블 데이터 ctas.comtnonlinepollmanage:~0 rows (대략적) 내보내기
DELETE FROM `comtnonlinepollmanage`;
/*!40000 ALTER TABLE `comtnonlinepollmanage` DISABLE KEYS */;
/*!40000 ALTER TABLE `comtnonlinepollmanage` ENABLE KEYS */;

-- 테이블 ctas.comtnonlinepollresult 구조 내보내기
CREATE TABLE IF NOT EXISTS `comtnonlinepollresult` (
  `POLL_RESULT_ID` char(20) NOT NULL,
  `FRST_REGISTER_ID` varchar(20) DEFAULT NULL,
  `FRST_REGIST_PNTTM` datetime DEFAULT NULL,
  `LAST_UPDUSR_ID` varchar(20) DEFAULT NULL,
  `LAST_UPDT_PNTTM` datetime DEFAULT NULL,
  `POLL_IEM_ID` char(20) NOT NULL,
  `POLL_ID` char(20) NOT NULL,
  PRIMARY KEY (`POLL_RESULT_ID`,`POLL_IEM_ID`,`POLL_ID`),
  UNIQUE KEY `COMTNONLINEPOLLRESULT_PK` (`POLL_RESULT_ID`,`POLL_IEM_ID`,`POLL_ID`),
  KEY `COMTNONLINEPOLLRESULT_FK1` (`POLL_ID`,`POLL_IEM_ID`),
  KEY `COMTNONLINEPOLLRESULT_i01` (`POLL_IEM_ID`,`POLL_ID`),
  CONSTRAINT `comtnonlinepollresult_ibfk_1` FOREIGN KEY (`POLL_ID`, `POLL_IEM_ID`) REFERENCES `comtnonlinepolliem` (`POLL_ID`, `POLL_IEM_ID`)
) ENGINE=InnoDB DEFAULT CHARSET=utf8;

-- 테이블 데이터 ctas.comtnonlinepollresult:~0 rows (대략적) 내보내기
DELETE FROM `comtnonlinepollresult`;
/*!40000 ALTER TABLE `comtnonlinepollresult` DISABLE KEYS */;
/*!40000 ALTER TABLE `comtnonlinepollresult` ENABLE KEYS */;

-- 테이블 ctas.comtnorgnztinfo 구조 내보내기
CREATE TABLE IF NOT EXISTS `comtnorgnztinfo` (
  `ORGNZT_ID` char(20) NOT NULL,
  `ORGNZT_NM` varchar(20) NOT NULL,
  `ORGNZT_DC` varchar(100) DEFAULT NULL,
  PRIMARY KEY (`ORGNZT_ID`),
  UNIQUE KEY `COMTNORGNZTINFO_PK` (`ORGNZT_ID`)
) ENGINE=InnoDB DEFAULT CHARSET=utf8;

-- 테이블 데이터 ctas.comtnorgnztinfo:~303 rows (대략적) 내보내기
DELETE FROM `comtnorgnztinfo`;
/*!40000 ALTER TABLE `comtnorgnztinfo` DISABLE KEYS */;
INSERT INTO `comtnorgnztinfo` (`ORGNZT_ID`, `ORGNZT_NM`, `ORGNZT_DC`) VALUES
	('ORGNZT_0000000000000', 'ADMIN', 'ADMIN'),
	('ORGNZT_0000000000001', '강원도', '강원도'),
	('ORGNZT_0000000000002', '강원도 강릉시', '강원도'),
	('ORGNZT_0000000000003', '강원도 고성군', '강원도'),
	('ORGNZT_0000000000004', '강원도 교육청', '강원도 교육청'),
	('ORGNZT_0000000000005', '강원도 동해시', '강원도'),
	('ORGNZT_0000000000006', '강원도 삼척시', '강원도'),
	('ORGNZT_0000000000007', '강원도 속초시', '강원도'),
	('ORGNZT_0000000000008', '강원도 양구군', '강원도'),
	('ORGNZT_0000000000009', '강원도 양양군', '강원도'),
	('ORGNZT_0000000000010', '강원도 영월군', '강원도'),
	('ORGNZT_0000000000011', '강원도 원주시', '강원도'),
	('ORGNZT_0000000000012', '강원도 인제군', '강원도'),
	('ORGNZT_0000000000013', '강원도 정선군', '강원도'),
	('ORGNZT_0000000000014', '강원도 철원군', '강원도'),
	('ORGNZT_0000000000015', '강원도 춘천시', '강원도'),
	('ORGNZT_0000000000016', '강원도 태백시', '강원도'),
	('ORGNZT_0000000000017', '강원도 평창군', '강원도'),
	('ORGNZT_0000000000018', '강원도 홍청군', '강원도'),
	('ORGNZT_0000000000019', '강원도 화천군', '강원도'),
	('ORGNZT_0000000000020', '강원도 횡성군', '강원도'),
	('ORGNZT_0000000000021', '경기도', '경기도'),
	('ORGNZT_0000000000022', '경기도 가평군', '경기도'),
	('ORGNZT_0000000000023', '경기도 고양시', '경기도'),
	('ORGNZT_0000000000024', '경기도 과천시', '경기도'),
	('ORGNZT_0000000000025', '경기도 광명시', '경기도'),
	('ORGNZT_0000000000026', '경기도 광주시', '경기도'),
	('ORGNZT_0000000000027', '경기도 교육청', '경기도 교육청'),
	('ORGNZT_0000000000028', '경기도 구리시', '경기도'),
	('ORGNZT_0000000000029', '경기도 군포시', '경기도'),
	('ORGNZT_0000000000030', '경기도 김포시', '경기도'),
	('ORGNZT_0000000000031', '경기도 남양주시', '경기도'),
	('ORGNZT_0000000000032', '경기도 동두천시', '경기도'),
	('ORGNZT_0000000000033', '경기도 부천시', '경기도'),
	('ORGNZT_0000000000034', '경기도 성남시', '경기도'),
	('ORGNZT_0000000000035', '경기도 수원시', '경기도'),
	('ORGNZT_0000000000036', '경기도 시흥시', '경기도'),
	('ORGNZT_0000000000037', '경기도 안산시', '경기도'),
	('ORGNZT_0000000000038', '경기도 안성시', '경기도'),
	('ORGNZT_0000000000039', '경기도 안양시', '경기도'),
	('ORGNZT_0000000000040', '경기도 양주시', '경기도'),
	('ORGNZT_0000000000041', '경기도 양평군', '경기도'),
	('ORGNZT_0000000000042', '경기도 여주시', '경기도'),
	('ORGNZT_0000000000043', '경기도 연천군', '경기도'),
	('ORGNZT_0000000000044', '경기도 오산시', '경기도'),
	('ORGNZT_0000000000045', '경기도 용인시', '경기도'),
	('ORGNZT_0000000000046', '경기도 의왕시', '경기도'),
	('ORGNZT_0000000000047', '경기도 의정부시', '경기도'),
	('ORGNZT_0000000000048', '경기도 이천시', '경기도'),
	('ORGNZT_0000000000049', '경기도 파주시', '경기도'),
	('ORGNZT_0000000000050', '경기도 평택시', '경기도'),
	('ORGNZT_0000000000051', '경기도 포천시', '경기도'),
	('ORGNZT_0000000000052', '경기도 하남시', '경기도'),
	('ORGNZT_0000000000053', '경기도 화성시', '경기도'),
	('ORGNZT_0000000000054', '경상남도', '경상남도'),
	('ORGNZT_0000000000055', '경상남도 거제시', '경상남도'),
	('ORGNZT_0000000000056', '경상남도 거창군', '경상남도'),
	('ORGNZT_0000000000057', '경상남도 고성군', '경상남도'),
	('ORGNZT_0000000000058', '경상남도 교육청', '경상남도 교육청'),
	('ORGNZT_0000000000059', '경상남도 김해시', '경상남도'),
	('ORGNZT_0000000000060', '경상남도 남해군', '경상남도'),
	('ORGNZT_0000000000061', '경상남도 밀양시', '경상남도'),
	('ORGNZT_0000000000062', '경상남도 사천시', '경상남도'),
	('ORGNZT_0000000000063', '경상남도 산청군', '경상남도'),
	('ORGNZT_0000000000064', '경상남도 양산시', '경상남도'),
	('ORGNZT_0000000000065', '경상남도 의령군', '경상남도'),
	('ORGNZT_0000000000066', '경상남도 진주시', '경상남도'),
	('ORGNZT_0000000000067', '경상남도 창녕군', '경상남도'),
	('ORGNZT_0000000000068', '경상남도 창원시', '경상남도'),
	('ORGNZT_0000000000069', '경상남도 통영시', '경상남도'),
	('ORGNZT_0000000000070', '경상남도 하동군', '경상남도'),
	('ORGNZT_0000000000071', '경상남도 함안군', '경상남도'),
	('ORGNZT_0000000000072', '경상남도 함양군', '경상남도'),
	('ORGNZT_0000000000073', '경상남도 합천군', '경상남도'),
	('ORGNZT_0000000000074', '경상북도', '경상북도'),
	('ORGNZT_0000000000075', '경상북도 경산시', '경상북도'),
	('ORGNZT_0000000000076', '경상북도 경주시', '경상북도'),
	('ORGNZT_0000000000077', '경상북도 고령군', '경상북도'),
	('ORGNZT_0000000000078', '경상북도 교육청', '경상북도 교육청'),
	('ORGNZT_0000000000079', '경상북도 구미시', '경상북도'),
	('ORGNZT_0000000000080', '경상북도 군위군', '경상북도'),
	('ORGNZT_0000000000081', '경상북도 김천시', '경상북도'),
	('ORGNZT_0000000000082', '경상북도 문경시', '경상북도'),
	('ORGNZT_0000000000083', '경상북도 봉화군', '경상북도'),
	('ORGNZT_0000000000084', '경상북도 상주시', '경상북도'),
	('ORGNZT_0000000000085', '경상북도 성주군', '경상북도'),
	('ORGNZT_0000000000086', '경상북도 안동시', '경상북도'),
	('ORGNZT_0000000000087', '경상북도 영덕군', '경상북도'),
	('ORGNZT_0000000000088', '경상북도 영양군', '경상북도'),
	('ORGNZT_0000000000089', '경상북도 영주시', '경상북도'),
	('ORGNZT_0000000000090', '경상북도 영천시', '경상북도'),
	('ORGNZT_0000000000091', '경상북도 예천군', '경상북도'),
	('ORGNZT_0000000000092', '경상북도 울릉군', '경상북도'),
	('ORGNZT_0000000000093', '경상북도 울진군', '경상북도'),
	('ORGNZT_0000000000094', '경상북도 의성군', '경상북도'),
	('ORGNZT_0000000000095', '경상북도 청도군', '경상북도'),
	('ORGNZT_0000000000096', '경상북도 청송군', '경상북도'),
	('ORGNZT_0000000000097', '경상북도 칠곡군', '경상북도'),
	('ORGNZT_0000000000098', '경상북도 포항시', '경상북도'),
	('ORGNZT_0000000000099', '경찰청', '경찰청'),
	('ORGNZT_0000000000100', '고용노동부', '고용노동부'),
	('ORGNZT_0000000000101', '공정거래위원회', '공정거래위원회'),
	('ORGNZT_0000000000102', '과학기술정보통신부', '과학기술정보통신부'),
	('ORGNZT_0000000000103', '관세청', '관세청'),
	('ORGNZT_0000000000104', '광주광역시', '광주광역시'),
	('ORGNZT_0000000000105', '광주광역시 광산구', '광주광역시'),
	('ORGNZT_0000000000106', '광주광역시 교육청', '광주광역시 교육청'),
	('ORGNZT_0000000000107', '광주광역시 남구', '광주광역시'),
	('ORGNZT_0000000000108', '광주광역시 동구', '광주광역시'),
	('ORGNZT_0000000000109', '광주광역시 북구', '광주광역시'),
	('ORGNZT_0000000000110', '광주광역시 서구', '광주광역시'),
	('ORGNZT_0000000000111', '교육부', '교육부'),
	('ORGNZT_0000000000112', '국가보훈처', '국가보훈처'),
	('ORGNZT_0000000000113', '국민권익위원회', '국민권익위원회'),
	('ORGNZT_0000000000114', '국방부', '국방부'),
	('ORGNZT_0000000000115', '국세청', '국세청'),
	('ORGNZT_0000000000116', '국토교통부', '국토교통부'),
	('ORGNZT_0000000000117', '금융위원회', '금융위원회'),
	('ORGNZT_0000000000118', '기상청', '기상청'),
	('ORGNZT_0000000000119', '기획재정부', '기획재정부'),
	('ORGNZT_0000000000120', '농림축산식품부', '농림축산식품부'),
	('ORGNZT_0000000000121', '농촌진흥청', '농촌진흥청'),
	('ORGNZT_0000000000122', '대검찰청', '대검찰청'),
	('ORGNZT_0000000000123', '대구광역시', '대구광역시'),
	('ORGNZT_0000000000124', '대구광역시 교육청', '대구광역시 교육청'),
	('ORGNZT_0000000000125', '대구광역시 남구', '대구광역시'),
	('ORGNZT_0000000000126', '대구광역시 달서구', '대구광역시'),
	('ORGNZT_0000000000127', '대구광역시 달성군', '대구광역시'),
	('ORGNZT_0000000000128', '대구광역시 동구', '대구광역시'),
	('ORGNZT_0000000000129', '대구광역시 북구', '대구광역시'),
	('ORGNZT_0000000000130', '대구광역시 서구', '대구광역시'),
	('ORGNZT_0000000000131', '대구광역시 수성구', '대구광역시'),
	('ORGNZT_0000000000132', '대구광역시 중구', '대구광역시'),
	('ORGNZT_0000000000133', '대전광역시', '대전광역시'),
	('ORGNZT_0000000000134', '대전광역시 교육청', '대전광역시 교육청'),
	('ORGNZT_0000000000135', '대전광역시 대덕구', '대전광역시'),
	('ORGNZT_0000000000136', '대전광역시 동구', '대전광역시'),
	('ORGNZT_0000000000137', '대전광역시 서구', '대전광역시'),
	('ORGNZT_0000000000138', '대전광역시 유성구', '대전광역시'),
	('ORGNZT_0000000000139', '대전광역시 중구', '대전광역시'),
	('ORGNZT_0000000000140', '문화재청', '문화재청'),
	('ORGNZT_0000000000141', '문화체육관광부', '문화체육관광부'),
	('ORGNZT_0000000000142', '방송통신위원회', '방송통신위원회'),
	('ORGNZT_0000000000143', '방위사업청', '방위사업청'),
	('ORGNZT_0000000000144', '법무부', '법무부'),
	('ORGNZT_0000000000145', '법제처', '법제처'),
	('ORGNZT_0000000000146', '병무청', '병무청'),
	('ORGNZT_0000000000147', '보건복지부', '보건복지부'),
	('ORGNZT_0000000000148', '부산광역시', '부산광역시'),
	('ORGNZT_0000000000149', '부산광역시 강서구', '부산광역시'),
	('ORGNZT_0000000000150', '부산광역시 교육청', '부산광역시 교육청'),
	('ORGNZT_0000000000151', '부산광역시 금정구', '부산광역시'),
	('ORGNZT_0000000000152', '부산광역시 기장군', '부산광역시'),
	('ORGNZT_0000000000153', '부산광역시 남구', '부산광역시'),
	('ORGNZT_0000000000154', '부산광역시 동구', '부산광역시'),
	('ORGNZT_0000000000155', '부산광역시 동래구', '부산광역시'),
	('ORGNZT_0000000000156', '부산광역시 북구', '부산광역시'),
	('ORGNZT_0000000000157', '부산광역시 사상구', '부산광역시'),
	('ORGNZT_0000000000158', '부산광역시 사하구', '부산광역시'),
	('ORGNZT_0000000000159', '부산광역시 서구', '부산광역시'),
	('ORGNZT_0000000000160', '부산광역시 수영구', '부산광역시'),
	('ORGNZT_0000000000161', '부산광역시 연제구', '부산광역시'),
	('ORGNZT_0000000000162', '부산광역시 영도구', '부산광역시'),
	('ORGNZT_0000000000163', '부산광역시 중구', '부산광역시'),
	('ORGNZT_0000000000164', '부산광역시 진구', '부산광역시'),
	('ORGNZT_0000000000165', '부산광역시 해운대구', '부산광역시'),
	('ORGNZT_0000000000166', '산림청', '산림청'),
	('ORGNZT_0000000000167', '산업통상자원부', '산업통상자원부'),
	('ORGNZT_0000000000168', '새만금개발청', '새만금개발청'),
	('ORGNZT_0000000000169', '서울 중랑구청', '서울특별시'),
	('ORGNZT_0000000000170', '서울특별시', '서울특별시'),
	('ORGNZT_0000000000171', '서울특별시 강남구', '서울특별시'),
	('ORGNZT_0000000000172', '서울특별시 강동구', '서울특별시'),
	('ORGNZT_0000000000173', '서울특별시 강북구', '서울특별시'),
	('ORGNZT_0000000000174', '서울특별시 강서구', '서울특별시'),
	('ORGNZT_0000000000175', '서울특별시 관악구', '서울특별시'),
	('ORGNZT_0000000000176', '서울특별시 광진구', '서울특별시'),
	('ORGNZT_0000000000177', '서울특별시 교육청', '서울특별시 교육청'),
	('ORGNZT_0000000000178', '서울특별시 구로구', '서울특별시'),
	('ORGNZT_0000000000179', '서울특별시 금천구', '서울특별시'),
	('ORGNZT_0000000000180', '서울특별시 노원구', '서울특별시'),
	('ORGNZT_0000000000181', '서울특별시 도봉구', '서울특별시'),
	('ORGNZT_0000000000182', '서울특별시 동대문구', '서울특별시'),
	('ORGNZT_0000000000183', '서울특별시 동작구', '서울특별시'),
	('ORGNZT_0000000000184', '서울특별시 마포구', '서울특별시'),
	('ORGNZT_0000000000185', '서울특별시 서대문구', '서울특별시'),
	('ORGNZT_0000000000186', '서울특별시 서초구', '서울특별시'),
	('ORGNZT_0000000000187', '서울특별시 성동구', '서울특별시'),
	('ORGNZT_0000000000188', '서울특별시 성북구', '서울특별시'),
	('ORGNZT_0000000000189', '서울특별시 송파구', '서울특별시'),
	('ORGNZT_0000000000190', '서울특별시 양천구', '서울특별시'),
	('ORGNZT_0000000000191', '서울특별시 영등포구', '서울특별시'),
	('ORGNZT_0000000000192', '서울특별시 용산구', '서울특별시'),
	('ORGNZT_0000000000193', '서울특별시 은평구', '서울특별시'),
	('ORGNZT_0000000000194', '서울특별시 종로구', '서울특별시'),
	('ORGNZT_0000000000195', '서울특별시 중구', '서울특별시'),
	('ORGNZT_0000000000196', '세종특별자치시', '세종특별자치시'),
	('ORGNZT_0000000000197', '세종특별자치시 교육청', '세종특별자치시 교육청'),
	('ORGNZT_0000000000198', '식품의약품안전처', '식품의약품안전처'),
	('ORGNZT_0000000000199', '여성가족부', '여성가족부'),
	('ORGNZT_0000000000200', '외교부', '외교부'),
	('ORGNZT_0000000000201', '울산광역시', '울산광역시'),
	('ORGNZT_0000000000202', '울산광역시 교육청', '울산광역시 교육청'),
	('ORGNZT_0000000000203', '울산광역시 남구', '울산광역시'),
	('ORGNZT_0000000000204', '울산광역시 동구', '울산광역시'),
	('ORGNZT_0000000000205', '울산광역시 북구', '울산광역시'),
	('ORGNZT_0000000000206', '울산광역시 울주군', '울산광역시'),
	('ORGNZT_0000000000207', '울산광역시 중구', '울산광역시'),
	('ORGNZT_0000000000208', '원자력안전위원회', '원자력안전위원회'),
	('ORGNZT_0000000000209', '인사혁신처', '인사혁신처'),
	('ORGNZT_0000000000210', '인천광역시', '인천광역시'),
	('ORGNZT_0000000000211', '인천광역시 강화군', '인천광역시'),
	('ORGNZT_0000000000212', '인천광역시 계양구', '인천광역시'),
	('ORGNZT_0000000000213', '인천광역시 교육청', '인천광역시 교육청'),
	('ORGNZT_0000000000214', '인천광역시 남구', '인천광역시'),
	('ORGNZT_0000000000215', '인천광역시 남동구', '인천광역시'),
	('ORGNZT_0000000000216', '인천광역시 동구', '인천광역시'),
	('ORGNZT_0000000000217', '인천광역시 부평구', '인천광역시'),
	('ORGNZT_0000000000218', '인천광역시 서구', '인천광역시'),
	('ORGNZT_0000000000219', '인천광역시 연수구', '인천광역시'),
	('ORGNZT_0000000000220', '인천광역시 옹진군', '인천광역시'),
	('ORGNZT_0000000000221', '인천광역시 중구', '인천광역시'),
	('ORGNZT_0000000000222', '전라남도', '전라남도'),
	('ORGNZT_0000000000223', '전라남도 강진군', '전라남도'),
	('ORGNZT_0000000000224', '전라남도 고흥군', '전라남도'),
	('ORGNZT_0000000000225', '전라남도 곡성군', '전라남도'),
	('ORGNZT_0000000000226', '전라남도 광양시', '전라남도'),
	('ORGNZT_0000000000227', '전라남도 교육청', '전라남도 교육청'),
	('ORGNZT_0000000000228', '전라남도 구례군', '전라남도'),
	('ORGNZT_0000000000229', '전라남도 나주시', '전라남도'),
	('ORGNZT_0000000000230', '전라남도 담양군', '전라남도'),
	('ORGNZT_0000000000231', '전라남도 목포시 ', '전라남도'),
	('ORGNZT_0000000000232', '전라남도 무안군', '전라남도'),
	('ORGNZT_0000000000233', '전라남도 보성군', '전라남도'),
	('ORGNZT_0000000000234', '전라남도 순천시', '전라남도'),
	('ORGNZT_0000000000235', '전라남도 신안군', '전라남도'),
	('ORGNZT_0000000000236', '전라남도 여수시', '전라남도'),
	('ORGNZT_0000000000237', '전라남도 영광군', '전라남도'),
	('ORGNZT_0000000000238', '전라남도 영암군', '전라남도'),
	('ORGNZT_0000000000239', '전라남도 완도군', '전라남도'),
	('ORGNZT_0000000000240', '전라남도 장성군', '전라남도'),
	('ORGNZT_0000000000241', '전라남도 장흥군', '전라남도'),
	('ORGNZT_0000000000242', '전라남도 진도군', '전라남도'),
	('ORGNZT_0000000000243', '전라남도 함평군', '전라남도'),
	('ORGNZT_0000000000244', '전라남도 해남군', '전라남도'),
	('ORGNZT_0000000000245', '전라남도 화순군', '전라남도'),
	('ORGNZT_0000000000246', '전라북도', '전라북도'),
	('ORGNZT_0000000000247', '전라북도 고창군', '전라북도'),
	('ORGNZT_0000000000248', '전라북도 교육청', '전라북도 교육청'),
	('ORGNZT_0000000000249', '전라북도 군산시', '전라북도'),
	('ORGNZT_0000000000250', '전라북도 김제시', '전라북도'),
	('ORGNZT_0000000000251', '전라북도 남원시', '전라북도'),
	('ORGNZT_0000000000252', '전라북도 무주군', '전라북도'),
	('ORGNZT_0000000000253', '전라북도 부안군', '전라북도'),
	('ORGNZT_0000000000254', '전라북도 순창군', '전라북도'),
	('ORGNZT_0000000000255', '전라북도 완주군', '전라북도'),
	('ORGNZT_0000000000256', '전라북도 익산시', '전라북도'),
	('ORGNZT_0000000000257', '전라북도 임실군', '전라북도'),
	('ORGNZT_0000000000258', '전라북도 장수군', '전라북도'),
	('ORGNZT_0000000000259', '전라북도 전주시', '전라북도'),
	('ORGNZT_0000000000260', '전라북도 정읍시', '전라북도'),
	('ORGNZT_0000000000261', '전라북도 진안군', '전라북도'),
	('ORGNZT_0000000000262', '제주특별자치도', '제주특별자치도'),
	('ORGNZT_0000000000263', '제주특별자치도 교육청', '제주특별자치도 교육청'),
	('ORGNZT_0000000000264', '조달청', '조달청'),
	('ORGNZT_0000000000265', '중소벤처기업부', '중소벤처기업부'),
	('ORGNZT_0000000000266', '충청남도', '충청남도'),
	('ORGNZT_0000000000267', '충청남도 계룡시', '충청남도'),
	('ORGNZT_0000000000268', '충청남도 공주시', '충청남도'),
	('ORGNZT_0000000000269', '충청남도 교육청', '충청남도 교육청'),
	('ORGNZT_0000000000270', '충청남도 금산군', '충청남도'),
	('ORGNZT_0000000000271', '충청남도 논산시', '충청남도'),
	('ORGNZT_0000000000272', '충청남도 당진시', '충청남도'),
	('ORGNZT_0000000000273', '충청남도 보령시', '충청남도'),
	('ORGNZT_0000000000274', '충청남도 부여군', '충청남도'),
	('ORGNZT_0000000000275', '충청남도 서산시', '충청남도'),
	('ORGNZT_0000000000276', '충청남도 서천군', '충청남도'),
	('ORGNZT_0000000000277', '충청남도 아산시', '충청남도'),
	('ORGNZT_0000000000278', '충청남도 예산군', '충청남도'),
	('ORGNZT_0000000000279', '충청남도 천안시', '충청남도'),
	('ORGNZT_0000000000280', '충청남도 청양군', '충청남도'),
	('ORGNZT_0000000000281', '충청남도 태안군', '충청남도'),
	('ORGNZT_0000000000282', '충청남도 홍성군', '충청남도'),
	('ORGNZT_0000000000283', '충청북도', '충청북도'),
	('ORGNZT_0000000000284', '충청북도 괴산군', '충청북도'),
	('ORGNZT_0000000000285', '충청북도 교육청', '충청북도 교육청'),
	('ORGNZT_0000000000286', '충청북도 단양군', '충청북도'),
	('ORGNZT_0000000000287', '충청북도 보은군', '충청북도'),
	('ORGNZT_0000000000288', '충청북도 영동군', '충청북도'),
	('ORGNZT_0000000000289', '충청북도 옥천군', '충청북도'),
	('ORGNZT_0000000000290', '충청북도 음성군', '충청북도'),
	('ORGNZT_0000000000291', '충청북도 제천시', '충청북도'),
	('ORGNZT_0000000000292', '충청북도 증평군', '충청북도'),
	('ORGNZT_0000000000293', '충청북도 진천군', '충청북도'),
	('ORGNZT_0000000000294', '충청북도 청주시', '충청북도'),
	('ORGNZT_0000000000295', '충청북도 충주시', '충청북도'),
	('ORGNZT_0000000000296', '통계청', '통계청'),
	('ORGNZT_0000000000297', '통일부', '통일부'),
	('ORGNZT_0000000000298', '특허청', '특허청'),
	('ORGNZT_0000000000299', '해양수산부', '해양수산부'),
	('ORGNZT_0000000000300', '행정안전부', '행정안전부'),
	('ORGNZT_0000000000301', '행정중심복합도시건설청', '행정중심복합도시건설청'),
	('ORGNZT_0000000000302', '환경부', '환경부');
/*!40000 ALTER TABLE `comtnorgnztinfo` ENABLE KEYS */;

-- 테이블 ctas.comtnqainfo 구조 내보내기
CREATE TABLE IF NOT EXISTS `comtnqainfo` (
  `QA_ID` char(20) NOT NULL,
  `QESTN_SJ` varchar(255) DEFAULT NULL,
  `QESTN_CN` varchar(2500) DEFAULT NULL,
  `WRITNG_DE` char(20) DEFAULT NULL,
  `RDCNT` decimal(10,0) DEFAULT NULL,
  `EMAIL_ADRES` varchar(50) DEFAULT NULL,
  `FRST_REGIST_PNTTM` datetime DEFAULT NULL,
  `FRST_REGISTER_ID` varchar(20) DEFAULT NULL,
  `LAST_UPDT_PNTTM` datetime DEFAULT NULL,
  `LAST_UPDUSR_ID` varchar(20) DEFAULT NULL,
  `QNA_PROCESS_STTUS_CODE` char(1) DEFAULT NULL,
  `WRTER_NM` varchar(20) DEFAULT NULL,
  `ANSWER_CN` varchar(2500) DEFAULT NULL,
  `WRITNG_PASSWORD` varchar(20) DEFAULT NULL,
  `ANSWER_DE` char(20) DEFAULT NULL,
  `EMAIL_ANSWER_AT` char(1) DEFAULT NULL,
  `AREA_NO` varchar(4) DEFAULT NULL,
  `MIDDLE_TELNO` varchar(4) DEFAULT NULL,
  `END_TELNO` varchar(4) DEFAULT NULL,
  PRIMARY KEY (`QA_ID`),
  UNIQUE KEY `COMTNQAINFO_PK` (`QA_ID`)
) ENGINE=InnoDB DEFAULT CHARSET=utf8;

-- 테이블 데이터 ctas.comtnqainfo:~1 rows (대략적) 내보내기
DELETE FROM `comtnqainfo`;
/*!40000 ALTER TABLE `comtnqainfo` DISABLE KEYS */;
INSERT INTO `comtnqainfo` (`QA_ID`, `QESTN_SJ`, `QESTN_CN`, `WRITNG_DE`, `RDCNT`, `EMAIL_ADRES`, `FRST_REGIST_PNTTM`, `FRST_REGISTER_ID`, `LAST_UPDT_PNTTM`, `LAST_UPDUSR_ID`, `QNA_PROCESS_STTUS_CODE`, `WRTER_NM`, `ANSWER_CN`, `WRITNG_PASSWORD`, `ANSWER_DE`, `EMAIL_ANSWER_AT`, `AREA_NO`, `MIDDLE_TELNO`, `END_TELNO`) VALUES
	('QA_00000000000000001', '테스트입니다.', '테스트입니다.', '20170827', 2, 'aube.labs@gmail.com', '2017-08-27 17:30:44', 'USRCNFRM_99999999999', '2017-09-10 16:08:02', 'USRCNFRM_99999999999', '3', '웹마스터', '테스트 답변입니다. 수정.', NULL, '20170910', 'Y', '010', '5210', '0167'),
	('QA_00000000000000011', '질문입니다.', '질무무나ㅣ어라ㅣㅓ라ㅣㄴ머아ㅣ러ㅏㅣㄴ어리ㅏㅇ', '20170910', 3, 'pjh@pjh.com', '2017-09-10 17:38:11', 'A0002', '2017-09-10 17:39:06', 'USRCNFRM_99999999999', '3', '박종화', '네 감사합니다.', NULL, '20170910', NULL, '010', '5210', '0167');
/*!40000 ALTER TABLE `comtnqainfo` ENABLE KEYS */;

-- 테이블 ctas.comtnrecomendsiteinfo 구조 내보내기
CREATE TABLE IF NOT EXISTS `comtnrecomendsiteinfo` (
  `RECOMEND_SITE_ID` char(20) NOT NULL,
  `RECOMEND_SITE_NM` varchar(100) DEFAULT NULL,
  `RECOMEND_SITE_URL` varchar(255) DEFAULT NULL,
  `RECOMEND_SITE_DC` varchar(1000) DEFAULT NULL,
  `RECOMEND_RESN_CN` varchar(1000) DEFAULT NULL,
  `RECOMEND_CONFM_AT` char(1) DEFAULT NULL,
  `CONFM_DE` char(20) DEFAULT NULL,
  `FRST_REGIST_PNTTM` datetime DEFAULT NULL,
  `FRST_REGISTER_ID` varchar(20) DEFAULT NULL,
  `LAST_UPDT_PNTTM` datetime DEFAULT NULL,
  `LAST_UPDUSR_ID` varchar(20) DEFAULT NULL,
  PRIMARY KEY (`RECOMEND_SITE_ID`),
  UNIQUE KEY `COMTNRECOMENDSITEINFO_PK` (`RECOMEND_SITE_ID`)
) ENGINE=InnoDB DEFAULT CHARSET=utf8;

-- 테이블 데이터 ctas.comtnrecomendsiteinfo:~0 rows (대략적) 내보내기
DELETE FROM `comtnrecomendsiteinfo`;
/*!40000 ALTER TABLE `comtnrecomendsiteinfo` DISABLE KEYS */;
/*!40000 ALTER TABLE `comtnrecomendsiteinfo` ENABLE KEYS */;

-- 테이블 ctas.comtnroleinfo 구조 내보내기
CREATE TABLE IF NOT EXISTS `comtnroleinfo` (
  `ROLE_CODE` varchar(50) NOT NULL,
  `ROLE_NM` varchar(60) NOT NULL,
  `ROLE_PTTRN` varchar(300) DEFAULT NULL,
  `ROLE_DC` varchar(200) DEFAULT NULL,
  `ROLE_TY` varchar(80) DEFAULT NULL,
  `ROLE_SORT` varchar(10) DEFAULT NULL,
  `ROLE_CREAT_DE` char(20) NOT NULL,
  PRIMARY KEY (`ROLE_CODE`),
  UNIQUE KEY `COMTNROLEINFO_PK` (`ROLE_CODE`)
) ENGINE=InnoDB DEFAULT CHARSET=utf8;

-- 테이블 데이터 ctas.comtnroleinfo:~11 rows (대략적) 내보내기
DELETE FROM `comtnroleinfo`;
/*!40000 ALTER TABLE `comtnroleinfo` DISABLE KEYS */;
INSERT INTO `comtnroleinfo` (`ROLE_CODE`, `ROLE_NM`, `ROLE_PTTRN`, `ROLE_DC`, `ROLE_TY`, `ROLE_SORT`, `ROLE_CREAT_DE`) VALUES
	('web-000001', '로그인롤', '\\A/uat/uia/.*\\.do.*\\Z', '로그인허용을 위한 롤', 'url', '1', '2017-08-26 18:14:02'),
	('web-000002', '좌측메뉴', '/EgovLeft.do', '좌측 메뉴에 대한 접근 제한 롤', 'url', '2', '2017-08-26 18:14:02'),
	('web-000003', '모든접근제한', '\\A/.*\\.do.*\\Z', '모든자원에 대한 접근 제한 롤', 'url', '3', '2017-08-26 18:14:02'),
	('web-000004', '회원관리', '\\A/uss/umt/.*\\.do.*\\Z', '회원관리에 대한 접근 제한 롤', 'url', '1', '2017-08-26 18:14:02'),
	('web-000005', '실명확인', '\\A/sec/rnc/.*\\.do.*\\Z', '실명확인에 대한 접근 제한 롤', 'url', '1', '2017-08-26 18:14:02'),
	('web-000006', '우편번호', '\\A/sym/ccm/zip/.*\\.do.*\\Z', '우편번호관리에 대한 접근 제한 롤', 'url', '1', '2017-08-26 18:14:02'),
	('web-000007', '로그인이미지', '\\A/uss/ion/lsi/.*\\.do.*\\Z', '로그인이미지관리에 대한 접근 제한 롤', 'url', '1', '2017-08-26 18:14:02'),
	('web-000008', '파일다운로드', '\\A/sym/ccm/zip/.*\\.do.*\\Z', '파일다운로드에 대한 접근 제한 롤', 'url', '1', '2017-08-26 18:14:02'),
	('web-000009', '상단메뉴', '/EgovTop.do', '상단메뉴에 대한 접근 제한 롤', 'url', '1', '2017-08-26 18:14:02'),
	('web-000010', '하단메뉴', '/EgovBottom.do', '하단메뉴에 대한 접근 제한 롤', 'url', '1', '2017-08-26 18:14:02'),
	('web-000011', '왼쪽메뉴', '/EgovLeft.do', '왼쪽메뉴에 대한 접근 제한 롤', 'url', '1', '2017-08-26 18:14:02');
/*!40000 ALTER TABLE `comtnroleinfo` ENABLE KEYS */;

-- 테이블 ctas.comtnroles_hierarchy 구조 내보내기
CREATE TABLE IF NOT EXISTS `comtnroles_hierarchy` (
  `PARNTS_ROLE` varchar(30) NOT NULL,
  `CHLDRN_ROLE` varchar(30) NOT NULL,
  PRIMARY KEY (`PARNTS_ROLE`,`CHLDRN_ROLE`),
  UNIQUE KEY `COMTNROLES_HIERARCHY_PK` (`PARNTS_ROLE`,`CHLDRN_ROLE`),
  UNIQUE KEY `COMTNROLES_HIERARCHY_i01` (`PARNTS_ROLE`),
  KEY `COMTNROLES_HIERARCHY_i02` (`CHLDRN_ROLE`),
  CONSTRAINT `comtnroles_hierarchy_ibfk_1` FOREIGN KEY (`PARNTS_ROLE`) REFERENCES `comtnauthorinfo` (`AUTHOR_CODE`) ON DELETE CASCADE,
  CONSTRAINT `comtnroles_hierarchy_ibfk_2` FOREIGN KEY (`CHLDRN_ROLE`) REFERENCES `comtnauthorinfo` (`AUTHOR_CODE`) ON DELETE CASCADE
) ENGINE=InnoDB DEFAULT CHARSET=utf8;

-- 테이블 데이터 ctas.comtnroles_hierarchy:~5 rows (대략적) 내보내기
DELETE FROM `comtnroles_hierarchy`;
/*!40000 ALTER TABLE `comtnroles_hierarchy` DISABLE KEYS */;
INSERT INTO `comtnroles_hierarchy` (`PARNTS_ROLE`, `CHLDRN_ROLE`) VALUES
	('IS_AUTHENTICATED_ANONYMOUSLY', 'IS_AUTHENTICATED_REMEMBERED'),
	('IS_AUTHENTICATED_FULLY', 'ROLE_USER'),
	('IS_AUTHENTICATED_REMEMBERED', 'IS_AUTHENTICATED_FULLY'),
	('ROLE_ANONYMOUS', 'IS_AUTHENTICATED_ANONYMOUSLY'),
	('ROLE_USER', 'ROLE_ADMIN');
/*!40000 ALTER TABLE `comtnroles_hierarchy` ENABLE KEYS */;

-- 테이블 ctas.comtnschdulinfo 구조 내보내기
CREATE TABLE IF NOT EXISTS `comtnschdulinfo` (
  `SCHDUL_ID` char(20) NOT NULL,
  `SCHDUL_SE` char(1) DEFAULT NULL,
  `SCHDUL_DEPT_ID` varchar(20) DEFAULT NULL,
  `SCHDUL_KND_CODE` char(1) DEFAULT NULL,
  `SCHDUL_BGNDE` char(20) DEFAULT NULL,
  `SCHDUL_ENDDE` char(20) DEFAULT NULL,
  `SCHDUL_NM` varchar(255) DEFAULT NULL,
  `SCHDUL_CN` varchar(2500) DEFAULT NULL,
  `SCHDUL_PLACE` varchar(255) DEFAULT NULL,
  `SCHDUL_IPCR_CODE` char(1) DEFAULT NULL,
  `SCHDUL_CHARGER_ID` varchar(20) DEFAULT NULL,
  `ATCH_FILE_ID` char(20) DEFAULT NULL,
  `FRST_REGIST_PNTTM` datetime DEFAULT NULL,
  `FRST_REGISTER_ID` varchar(20) DEFAULT NULL,
  `LAST_UPDT_PNTTM` datetime DEFAULT NULL,
  `LAST_UPDUSR_ID` varchar(20) DEFAULT NULL,
  `REPTIT_SE_CODE` char(1) DEFAULT NULL,
  PRIMARY KEY (`SCHDUL_ID`),
  UNIQUE KEY `COMTNSCHDULINFO_PK` (`SCHDUL_ID`)
) ENGINE=InnoDB DEFAULT CHARSET=utf8;

-- 테이블 데이터 ctas.comtnschdulinfo:~0 rows (대략적) 내보내기
DELETE FROM `comtnschdulinfo`;
/*!40000 ALTER TABLE `comtnschdulinfo` DISABLE KEYS */;
/*!40000 ALTER TABLE `comtnschdulinfo` ENABLE KEYS */;

-- 테이블 ctas.comtnscrap 구조 내보내기
CREATE TABLE IF NOT EXISTS `comtnscrap` (
  `SCRAP_ID` char(20) NOT NULL,
  `NTT_ID` decimal(20,0) NOT NULL,
  `BBS_ID` char(20) NOT NULL,
  `SCRAP_NM` varchar(100) NOT NULL,
  `USE_AT` char(1) NOT NULL,
  `FRST_REGIST_PNTTM` datetime NOT NULL,
  `LAST_UPDT_PNTTM` datetime DEFAULT NULL,
  `FRST_REGISTER_ID` varchar(20) NOT NULL,
  `LAST_UPDUSR_ID` varchar(20) DEFAULT NULL,
  PRIMARY KEY (`SCRAP_ID`),
  UNIQUE KEY `COMTNSCRAP_PK` (`SCRAP_ID`)
) ENGINE=InnoDB DEFAULT CHARSET=utf8;

-- 테이블 데이터 ctas.comtnscrap:~0 rows (대략적) 내보내기
DELETE FROM `comtnscrap`;
/*!40000 ALTER TABLE `comtnscrap` DISABLE KEYS */;
/*!40000 ALTER TABLE `comtnscrap` ENABLE KEYS */;

-- 테이블 ctas.comtnsitelist 구조 내보내기
CREATE TABLE IF NOT EXISTS `comtnsitelist` (
  `SITE_ID` char(20) NOT NULL,
  `SITE_NM` varchar(100) DEFAULT NULL,
  `SITE_URL` varchar(100) DEFAULT NULL,
  `SITE_DC` varchar(1000) DEFAULT NULL,
  `SITE_THEMA_CL_CODE` varchar(2) DEFAULT NULL,
  `ACTVTY_AT` char(1) DEFAULT NULL,
  `USE_AT` char(1) DEFAULT NULL,
  `FRST_REGIST_PNTTM` datetime DEFAULT NULL,
  `FRST_REGISTER_ID` varchar(20) DEFAULT NULL,
  `LAST_UPDT_PNTTM` datetime DEFAULT NULL,
  `LAST_UPDUSR_ID` varchar(20) DEFAULT NULL,
  PRIMARY KEY (`SITE_ID`),
  UNIQUE KEY `COMTNSITELIST_PK` (`SITE_ID`)
) ENGINE=InnoDB DEFAULT CHARSET=utf8;

-- 테이블 데이터 ctas.comtnsitelist:~0 rows (대략적) 내보내기
DELETE FROM `comtnsitelist`;
/*!40000 ALTER TABLE `comtnsitelist` DISABLE KEYS */;
/*!40000 ALTER TABLE `comtnsitelist` ENABLE KEYS */;

-- 테이블 ctas.comtnstplatinfo 구조 내보내기
CREATE TABLE IF NOT EXISTS `comtnstplatinfo` (
  `USE_STPLAT_ID` char(20) NOT NULL,
  `USE_STPLAT_NM` varchar(100) DEFAULT NULL,
  `USE_STPLAT_CN` mediumtext,
  `INFO_PROVD_AGRE_CN` mediumtext,
  `FRST_REGIST_PNTTM` datetime DEFAULT NULL,
  `FRST_REGISTER_ID` varchar(20) DEFAULT NULL,
  `LAST_UPDT_PNTTM` datetime DEFAULT NULL,
  `LAST_UPDUSR_ID` varchar(20) DEFAULT NULL,
  PRIMARY KEY (`USE_STPLAT_ID`),
  UNIQUE KEY `COMTNSTPLATINFO_PK` (`USE_STPLAT_ID`)
) ENGINE=InnoDB DEFAULT CHARSET=utf8;

-- 테이블 데이터 ctas.comtnstplatinfo:~2 rows (대략적) 내보내기
DELETE FROM `comtnstplatinfo`;
/*!40000 ALTER TABLE `comtnstplatinfo` DISABLE KEYS */;
INSERT INTO `comtnstplatinfo` (`USE_STPLAT_ID`, `USE_STPLAT_NM`, `USE_STPLAT_CN`, `INFO_PROVD_AGRE_CN`, `FRST_REGIST_PNTTM`, `FRST_REGISTER_ID`, `LAST_UPDT_PNTTM`, `LAST_UPDUSR_ID`) VALUES
	('STPLAT_0000000000001', '인터넷이용약관', '개인정보의 수집 및 이용목적-개인회원', '제1조(목적 등)-개인회원', '2017-08-26 18:14:02', 'USRCNFRM_00000000000', '2017-08-26 18:14:02', 'USRCNFRM_00000000000'),
	('STPLAT_0000000000002', '인터넷이용약관', '개인정보의 수집 및 이용목적-기업회원', '제1조(목적 등)-기업회원', '2017-08-26 18:14:02', 'USRCNFRM_00000000000', '2017-08-26 18:14:02', 'USRCNFRM_00000000000');
/*!40000 ALTER TABLE `comtnstplatinfo` ENABLE KEYS */;

-- 테이블 ctas.comtntmplatinfo 구조 내보내기
CREATE TABLE IF NOT EXISTS `comtntmplatinfo` (
  `TMPLAT_ID` char(20) NOT NULL,
  `TMPLAT_NM` varchar(255) DEFAULT NULL,
  `TMPLAT_COURS` varchar(2000) DEFAULT NULL,
  `USE_AT` char(1) DEFAULT NULL,
  `TMPLAT_SE_CODE` char(6) DEFAULT NULL,
  `FRST_REGISTER_ID` varchar(20) DEFAULT NULL,
  `FRST_REGIST_PNTTM` datetime DEFAULT NULL,
  `LAST_UPDUSR_ID` varchar(20) DEFAULT NULL,
  `LAST_UPDT_PNTTM` datetime DEFAULT NULL,
  PRIMARY KEY (`TMPLAT_ID`),
  UNIQUE KEY `COMTNTMPLATINFO_PK` (`TMPLAT_ID`)
) ENGINE=InnoDB DEFAULT CHARSET=utf8;

-- 테이블 데이터 ctas.comtntmplatinfo:~3 rows (대략적) 내보내기
DELETE FROM `comtntmplatinfo`;
/*!40000 ALTER TABLE `comtntmplatinfo` DISABLE KEYS */;
INSERT INTO `comtntmplatinfo` (`TMPLAT_ID`, `TMPLAT_NM`, `TMPLAT_COURS`, `USE_AT`, `TMPLAT_SE_CODE`, `FRST_REGISTER_ID`, `FRST_REGIST_PNTTM`, `LAST_UPDUSR_ID`, `LAST_UPDT_PNTTM`) VALUES
	('TMPLAT_BOARD_DEFAULT', '게시판 기본템플릿', '/css/egovframework/com/cop/tpl/egovbbsTemplate.css', 'Y', 'TMPT01', 'SYSTEM', '2017-08-26 18:14:02', NULL, NULL),
	('TMPLAT_CLUB__DEFAULT', '동호회 기본템플릿', 'egovframework/com/cop/tpl/EgovClbBaseTmpl', 'Y', 'TMPT03', 'SYSTEM', '2017-08-26 18:14:02', NULL, NULL),
	('TMPLAT_CMNTY_DEFAULT', '커뮤니티 기본템플릿', 'egovframework/com/cop/tpl/EgovCmmntyBaseTmpl', 'Y', 'TMPT02', 'SYSTEM', '2017-08-26 18:14:02', NULL, NULL);
/*!40000 ALTER TABLE `comtntmplatinfo` ENABLE KEYS */;

-- 테이블 ctas.comtnworddicaryinfo 구조 내보내기
CREATE TABLE IF NOT EXISTS `comtnworddicaryinfo` (
  `WORD_ID` char(20) NOT NULL,
  `WORD_NM` varchar(255) DEFAULT NULL,
  `ENG_NM` varchar(60) DEFAULT NULL,
  `WORD_DC` varchar(4000) DEFAULT NULL,
  `SYNONM` varchar(100) DEFAULT NULL,
  `FRST_REGIST_PNTTM` datetime DEFAULT NULL,
  `FRST_REGISTER_ID` varchar(20) DEFAULT NULL,
  `LAST_UPDT_PNTTM` datetime DEFAULT NULL,
  `LAST_UPDUSR_ID` varchar(20) DEFAULT NULL,
  PRIMARY KEY (`WORD_ID`),
  UNIQUE KEY `COMTNWORDDICARYINFO_PK` (`WORD_ID`)
) ENGINE=InnoDB DEFAULT CHARSET=utf8;

-- 테이블 데이터 ctas.comtnworddicaryinfo:~0 rows (대략적) 내보내기
DELETE FROM `comtnworddicaryinfo`;
/*!40000 ALTER TABLE `comtnworddicaryinfo` DISABLE KEYS */;
/*!40000 ALTER TABLE `comtnworddicaryinfo` ENABLE KEYS */;

-- 뷰 ctas.comvnusermaster 구조 내보내기
-- VIEW 종속성 오류를 극복하기 위해 임시 테이블을 생성합니다.
CREATE TABLE `comvnusermaster` (
	`ESNTL_ID` CHAR(20) NOT NULL COLLATE 'utf8_general_ci',
	`USER_ID` VARCHAR(20) NOT NULL COLLATE 'utf8_general_ci',
	`PASSWORD` VARCHAR(200) NULL COLLATE 'utf8_general_ci',
	`USER_NM` VARCHAR(60) NOT NULL COLLATE 'utf8_general_ci',
	`USER_ZIP` VARCHAR(6) NULL COLLATE 'utf8_general_ci',
	`USER_ADRES` VARCHAR(100) NULL COLLATE 'utf8_general_ci',
	`USER_EMAIL` VARCHAR(50) NULL COLLATE 'utf8_general_ci',
	`GROUP_ID` VARCHAR(20) NULL COLLATE 'utf8_general_ci',
	`USER_SE` VARCHAR(3) NOT NULL COLLATE 'utf8mb4_general_ci',
	`ORGNZT_ID` VARCHAR(20) NULL COLLATE 'utf8_general_ci'
) ENGINE=MyISAM;

-- 뷰 ctas.comvnusermaster 구조 내보내기
-- 임시 테이블을 제거하고 최종 VIEW 구조를 생성
DROP TABLE IF EXISTS `comvnusermaster`;
CREATE ALGORITHM=UNDEFINED DEFINER=`root`@`localhost` SQL SECURITY DEFINER VIEW `comvnusermaster` AS select `comtngnrlmber`.`ESNTL_ID` AS `ESNTL_ID`,`comtngnrlmber`.`MBER_ID` AS `USER_ID`,`comtngnrlmber`.`PASSWORD` AS `PASSWORD`,`comtngnrlmber`.`MBER_NM` AS `USER_NM`,`comtngnrlmber`.`ZIP` AS `USER_ZIP`,`comtngnrlmber`.`ADRES` AS `USER_ADRES`,`comtngnrlmber`.`MBER_EMAIL_ADRES` AS `USER_EMAIL`,' ' AS `GROUP_ID`,'GNR' AS `USER_SE`,' ' AS `ORGNZT_ID` from `comtngnrlmber` union all select `comtnemplyrinfo`.`ESNTL_ID` AS `ESNTL_ID`,`comtnemplyrinfo`.`EMPLYR_ID` AS `EMPLYR_ID`,`comtnemplyrinfo`.`PASSWORD` AS `PASSWORD`,`comtnemplyrinfo`.`USER_NM` AS `USER_NM`,`comtnemplyrinfo`.`ZIP` AS `ZIP`,`comtnemplyrinfo`.`HOUSE_ADRES` AS `HOUSE_ADRES`,`comtnemplyrinfo`.`EMAIL_ADRES` AS `EMAIL_ADRES`,`comtnemplyrinfo`.`GROUP_ID` AS `GROUP_ID`,'USR' AS `USER_SE`,`comtnemplyrinfo`.`ORGNZT_ID` AS `ORGNZT_ID` from `comtnemplyrinfo` union all select `comtnentrprsmber`.`ESNTL_ID` AS `ESNTL_ID`,`comtnentrprsmber`.`ENTRPRS_MBER_ID` AS `ENTRPRS_MBER_ID`,`comtnentrprsmber`.`ENTRPRS_MBER_PASSWORD` AS `ENTRPRS_MBER_PASSWORD`,`comtnentrprsmber`.`CMPNY_NM` AS `CMPNY_NM`,`comtnentrprsmber`.`ZIP` AS `ZIP`,`comtnentrprsmber`.`ADRES` AS `ADRES`,`comtnentrprsmber`.`APPLCNT_EMAIL_ADRES` AS `APPLCNT_EMAIL_ADRES`,' ' AS `Name_exp_28`,'ENT' AS `USER_SE`,' ' AS `ORGNZT_ID` from `comtnentrprsmber` order by `ESNTL_ID`;

/*!40101 SET SQL_MODE=IFNULL(@OLD_SQL_MODE, '') */;
/*!40014 SET FOREIGN_KEY_CHECKS=IF(@OLD_FOREIGN_KEY_CHECKS IS NULL, 1, @OLD_FOREIGN_KEY_CHECKS) */;
/*!40101 SET CHARACTER_SET_CLIENT=@OLD_CHARACTER_SET_CLIENT */;
